,防具-板甲上衣-临界玄铁上衣,防具-板甲上衣-临界玄铁上衣,防具-板甲上衣-临界玄铁上衣,最低价-防具-Lv100堕落的遗影（低）,最低价-防具-Lv100堕落的遗影（低）,最低价-防具-Lv100堕落的遗影（低）
,低价,平均价,高价,低价,平均价,高价
日期,,,,,,
17.06.13,1911008.0,1807950.0,2073356.0,,,
17.06.14,1967804.0,1843352.0,2174616.0,,,
17.06.15,1861792.0,1883595.0,2004967.0,,,
17.06.16,1855775.0,1859691.0,2023329.0,,,
17.06.17,1850716.0,1836750.0,1965599.0,,,
17.06.18,1838763.0,1818585.0,1986405.0,,,
17.06.19,1882032.0,1812079.0,2017292.0,,,
17.06.20,1969892.0,1821622.0,2121591.0,,,
17.06.21,2017485.0,1822519.0,2139133.0,,,
17.06.22,2076848.0,1888808.0,2283260.0,,,
17.06.23,2034384.0,1974252.0,2197908.0,,,
17.06.24,2060561.0,1980125.0,2211732.0,,,
17.06.25,2141272.0,2012796.0,2307724.0,,,
17.06.26,2156105.0,2019807.0,2283007.0,,,
17.06.27,2261744.0,2083292.0,2406452.0,,,
17.06.28,2303638.0,2125318.0,2500929.0,,,
17.06.29,2414214.0,2218419.0,2576645.0,,,
17.06.30,2455786.0,2319500.0,2636426.0,,,
17.07.01,2504025.0,2363935.0,2725775.0,,,
17.07.02,2587225.0,2372025.0,2749613.0,,,
17.07.03,2750560.0,2453500.0,2962744.0,,,
17.07.04,2893921.0,2531758.0,3097398.0,,,
17.07.05,3027454.0,2651814.0,3292435.0,,,
17.07.06,3068142.0,2705752.0,3304046.0,,,
17.07.07,2940269.0,2808383.0,3150892.0,,,
17.07.08,2942216.0,2861870.0,3108025.0,,,
17.07.09,2986996.0,2885548.0,3203410.0,,,
17.07.10,3056998.0,2865578.0,3240715.0,,,
17.07.11,3250657.0,2898107.0,3509065.0,,,
17.07.12,3360455.0,2993023.0,3610342.0,,,
17.07.13,3413506.0,3095886.0,3727142.0,,,
17.07.14,3374935.0,3191723.0,3601822.0,,,
17.07.15,3444896.0,3288250.0,3717074.0,,,
17.07.16,3390112.0,3270282.0,3708640.0,,,
17.07.17,3501302.0,3304764.0,3727168.0,,,
17.07.18,3615908.0,3320029.0,3869022.0,,,
17.07.19,3550828.0,3353981.0,3821124.0,,,
17.07.20,3478877.0,3413311.0,3691583.0,,,
17.07.21,3498733.0,3376613.0,3828968.0,,,
17.07.22,3394605.0,3249788.0,3649839.0,,,
17.07.23,3444711.0,3403171.0,3716874.0,,,
17.07.24,3508975.0,3530730.0,3774604.0,,,
17.07.25,3635253.0,3533884.0,3839412.0,,,
17.07.26,3641042.0,3536806.0,3842180.0,,,
17.07.27,3512741.0,3533202.0,3680681.0,,,
17.07.28,3393924.0,3467457.0,3613270.0,,,
17.07.29,3395208.0,3438908.0,3550461.0,,,
17.07.30,3406494.0,3378710.0,3556642.0,,,
17.07.31,3471671.0,3372381.0,3602219.0,,,
17.08.01,3490563.0,3347135.0,3682938.0,,,
17.08.02,3557055.0,3394544.0,3868205.0,,,
17.08.03,3466510.0,3454252.0,3745290.0,,,
17.08.04,3391157.0,3446466.0,3642424.0,,,
17.08.05,3400599.0,3417272.0,3603972.0,,,
17.08.06,3405411.0,3348108.0,3602795.0,,,
17.08.07,3497255.0,3322738.0,3789276.0,,,
17.08.08,3546585.0,3331996.0,3786069.0,,,
17.08.09,3605758.0,3383340.0,3889462.0,,,
17.08.10,3528921.0,3445321.0,3776687.0,,,
17.08.11,3451348.0,3459562.0,3657149.0,,,
17.08.12,3438547.0,3406142.0,3678602.0,,,
17.08.13,3423142.0,3337211.0,3710187.0,,,
17.08.14,3444032.0,3336616.0,3735397.0,,,
17.08.15,3530094.0,3371762.0,3822128.0,,,
17.08.16,3545631.0,3388762.0,3775718.0,,,
17.08.17,3484397.0,3413681.0,3749692.0,,,
17.08.18,3642841.0,3434627.0,3967459.0,,,
17.08.19,3688515.0,3451196.0,4063851.0,,,
17.08.20,3628412.0,3424093.0,3877267.0,,,
17.08.21,3598509.0,3439664.0,3800638.0,,,
17.08.22,3686948.0,3475129.0,3960427.0,,,
17.08.23,3814375.0,3518288.0,4076487.0,,,
17.08.24,3875041.0,3655454.0,4379249.0,,,
17.08.25,3928989.0,3699351.0,4348770.0,,,
17.08.26,3754480.0,3678993.0,4022032.0,,,
17.08.27,3750676.0,3760052.0,4013572.0,,,
17.08.28,3829922.0,3737621.0,4053268.0,,,
17.08.29,3945119.0,3693326.0,4207726.0,,,
17.08.30,3961530.0,3617926.0,4420976.0,,,
17.08.31,3890574.0,3611344.0,4228754.0,,,
17.09.01,3782769.0,3683713.0,4094091.0,,,
17.09.02,3782976.0,3740852.0,4075676.0,,,
17.09.03,3784117.0,3692102.0,4027171.0,,,
17.09.04,3878851.0,3731776.0,4278729.0,,,
17.09.05,4055734.0,3715369.0,4470924.0,,,
17.09.06,4143081.0,3763794.0,4540730.0,,,
17.09.07,4102751.0,3810857.0,4461968.0,,,
17.09.08,4003009.0,3859493.0,4351723.0,,,
17.09.09,3938030.0,3855249.0,4341284.0,,,
17.09.10,3958207.0,3886097.0,4296488.0,,,
17.09.11,3977088.0,3813247.0,4347005.0,,,
17.09.12,4120876.0,3821502.0,4462859.0,,,
17.09.13,4098928.0,3777223.0,4441159.0,,,
17.09.14,4121712.0,3893369.0,4484773.0,,,
17.09.15,4085878.0,3961561.0,4440283.0,,,
17.09.16,3918207.0,3892084.0,4203202.0,,,
17.09.17,3963567.0,3906539.0,4158439.0,,,
17.09.18,3977347.0,3818663.0,4274801.0,,,
17.09.19,4171496.0,3838643.0,4573332.0,,,
17.09.20,4338405.0,3845948.0,4765760.0,,,
17.09.21,4214364.0,3818214.0,4792972.0,,,
17.09.22,4164322.0,3983149.0,4457183.0,,,
17.09.23,3996504.0,4057031.0,4386063.0,,,
17.09.24,4032938.0,3991358.0,4295994.0,,,
17.09.25,4105499.0,3985684.0,4436242.0,,,
17.09.26,4196617.0,3915318.0,4527869.0,,,
17.09.27,4341811.0,3933064.0,4784055.0,,,
17.09.28,4455511.0,4028521.0,5205707.0,,,
17.09.29,4366143.0,4098320.0,4974085.0,,,
17.09.30,4374359.0,4195846.0,4864384.0,,,
17.10.01,4205734.0,4133635.0,4445137.0,,,
17.10.02,4236158.0,4116495.0,4493479.0,,,
17.10.03,4299298.0,4019190.0,4739224.0,,,
17.10.04,4477204.0,4003327.0,4968778.0,,,
17.10.05,4301246.0,4035652.0,4889234.0,,,
17.10.06,4177081.0,4149930.0,4566674.0,,,
17.10.07,4014837.0,4104673.0,4310839.0,,,
17.10.08,3938869.0,3982677.0,4098299.0,,,
17.10.09,4010490.0,3929450.0,4343947.0,,,
17.10.10,4027124.0,3858753.0,4405951.0,,,
17.10.11,4082293.0,3860126.0,4513713.0,,,
17.10.12,4105755.0,3922938.0,4733886.0,,,
17.10.13,4006117.0,3950676.0,4471980.0,,,
17.10.14,3986243.0,3984661.0,4351320.0,,,
17.10.15,3956185.0,3955770.0,4282998.0,,,
17.10.16,4094648.0,3956552.0,4441006.0,,,
17.10.17,4337870.0,3940955.0,4860041.0,,,
17.10.18,4497288.0,4014419.0,4979060.0,,,
17.10.19,4503756.0,4109794.0,5027525.0,,,
17.10.20,4348521.0,4117049.0,4799680.0,,,
17.10.21,4162375.0,4080825.0,4421986.0,,,
17.10.22,4096204.0,4047672.0,4454515.0,,,
17.10.23,4222916.0,4042318.0,4545872.0,,,
17.10.24,4362798.0,4020200.0,4820368.0,,,
17.10.25,4497851.0,4054282.0,5032727.0,,,
17.10.26,4455270.0,4134388.0,4895009.0,,,
17.10.27,4251451.0,4166855.0,4597234.0,,,
17.10.28,4170295.0,4163343.0,4478480.0,,,
17.10.29,4084235.0,4113781.0,4353946.0,,,
17.10.30,4116999.0,4001286.0,4449788.0,,,
17.10.31,4222424.0,3933889.0,4526544.0,,,
17.11.01,4466965.0,4006367.0,5094278.0,,,
17.11.02,4441650.0,4112688.0,5317961.0,,,
17.11.03,4335981.0,4152955.0,4927119.0,,,
17.11.04,4197696.0,4154002.0,4513182.0,,,
17.11.05,4209090.0,4134492.0,4449727.0,,,
17.11.06,4243139.0,4100994.0,4511551.0,,,
17.11.07,4373054.0,4095938.0,4858108.0,,,
17.11.08,4423260.0,4056758.0,4881262.0,,,
17.11.10,4572294.0,4124589.0,5380063.0,,,
17.11.11,4499564.0,4252088.0,4918532.0,,,
17.11.12,4295854.0,4271432.0,4615148.0,,,
17.11.13,4326046.0,4220347.0,4585608.0,,,
17.11.14,4432375.0,4187207.0,4836142.0,,,
17.11.15,4592733.0,4184025.0,5066592.0,,,
17.11.16,4524580.0,4310513.0,5185608.0,,,
17.11.17,4399142.0,4331497.0,4809890.0,,,
17.11.18,4299150.0,4271480.0,4636693.0,,,
17.11.19,4179485.0,4153797.0,4474686.0,,,
17.11.20,4248349.0,4155068.0,4432914.0,,,
17.11.21,4390329.0,4155372.0,4743461.0,,,
17.11.22,4434865.0,4118575.0,4862222.0,,,
17.11.23,4485235.0,4143411.0,4959213.0,,,
17.11.24,4359304.0,4234078.0,4762116.0,,,
17.11.25,4224844.0,4304216.0,4578307.0,,,
17.11.26,4234673.0,4204937.0,4442121.0,,,
17.11.27,4471994.0,4175724.0,4944237.0,,,
17.11.28,4695828.0,4199193.0,5203452.0,,,
17.11.29,4828188.0,4175620.0,5202209.0,,,
17.11.30,4873238.0,4356772.0,5567031.0,,,
17.12.01,4632973.0,4587101.0,5132134.0,,,
17.12.02,4406265.0,4510966.0,4757492.0,,,
17.12.03,4388333.0,4434388.0,4676585.0,,,
17.12.04,4515542.0,4386727.0,4830054.0,,,
17.12.05,4622203.0,4371217.0,4926219.0,,,
17.12.06,4734989.0,4366332.0,5162336.0,,,
17.12.07,4597111.0,4420807.0,5099548.0,,,
17.12.08,4466131.0,4416504.0,4849584.0,,,
17.12.09,4380924.0,4403490.0,4722465.0,,,
17.12.10,4395280.0,4365115.0,4699987.0,,,
17.12.11,4501576.0,4361257.0,4911845.0,,,
17.12.12,4672256.0,4357239.0,5216434.0,,,
17.12.13,4880606.0,4375259.0,5358208.0,,,
17.12.14,4760966.0,4440815.0,5220475.0,,,
17.12.15,4545240.0,4502542.0,4954311.0,,,
17.12.16,4389948.0,4407925.0,4693763.0,,,
17.12.17,4341370.0,4325893.0,4567373.0,,,
17.12.18,4437171.0,4337862.0,4817303.0,,,
17.12.19,4498241.0,4343613.0,4905781.0,,,
17.12.20,4482481.0,4323761.0,4873913.0,,,
17.12.21,4459403.0,4315851.0,5048513.0,,,
17.12.22,4335209.0,4317356.0,4777899.0,,,
17.12.23,4157247.0,4307947.0,4435429.0,,,
17.12.24,4173620.0,4238407.0,4390649.0,,,
17.12.25,4203769.0,4209024.0,4609694.0,,,
17.12.26,4244709.0,4205831.0,4654697.0,,,
17.12.27,4337768.0,4191368.0,4752150.0,,,
17.12.28,4350448.0,4268272.0,4959510.0,,,
17.12.29,3970246.0,4204046.0,4376093.0,,,
17.12.30,3829086.0,4105630.0,4165191.0,,,
17.12.31,3909741.0,4048752.0,4170388.0,,,
18.01.01,3938135.0,4034399.0,4205050.0,,,
18.01.02,4041346.0,4036852.0,4233310.0,,,
18.01.03,4067026.0,4044430.0,4541510.0,,,
18.01.04,3965431.0,4084394.0,4410439.0,,,
18.01.05,3948884.0,4106840.0,4177039.0,,,
18.01.06,3829505.0,4067785.0,4140120.0,,,
18.01.07,3911728.0,4029080.0,4250742.0,,,
18.01.08,4000518.0,4022741.0,4250550.0,,,
18.01.09,4045185.0,4018215.0,4269915.0,,,
18.01.10,4312085.0,4062941.0,4594764.0,,,
18.01.11,4300863.0,4190951.0,5128780.0,,,
18.01.12,4130505.0,4217704.0,4388662.0,,,
18.01.13,4016666.0,4217499.0,4342462.0,,,
18.01.14,4165826.0,4198223.0,4350972.0,,,
18.01.15,4306950.0,4215427.0,4531868.0,,,
18.01.16,4464938.0,4226804.0,4628649.0,,,
18.01.17,4737035.0,4289646.0,5437060.0,,,
18.01.18,4384185.0,4491352.0,5144108.0,,,
18.01.19,4379011.0,4529841.0,4632017.0,,,
18.01.20,4344938.0,4494595.0,4591148.0,,,
18.01.21,4385792.0,4454013.0,4632493.0,,,
18.01.22,4311110.0,4445233.0,4560193.0,,,
18.01.23,4416036.0,4445474.0,4587767.0,,,
18.01.24,4383814.0,4432523.0,4554292.0,,,
18.01.25,4271234.0,4442083.0,4513267.0,,,
18.01.26,4018505.0,4398028.0,4304265.0,,,
18.01.27,3888271.0,4212292.0,4242535.0,,,
18.01.28,3986888.0,4133071.0,4208380.0,,,
18.01.29,3998987.0,4096738.0,4216708.0,,,
18.01.30,3936814.0,4085535.0,4151150.0,,,
18.01.31,4161099.0,4082500.0,4558713.0,,,
18.02.01,4215425.0,4098329.0,4988252.0,,,
18.02.02,4018641.0,4125802.0,4451758.0,,,
18.02.03,3941815.0,4169562.0,4261540.0,,,
18.02.04,3935925.0,4145840.0,4185199.0,,,
18.02.05,3857061.0,4105625.0,4144196.0,,,
18.02.06,3916998.0,4086733.0,4169425.0,,,
18.02.07,3880987.0,4036226.0,4053473.0,,,
18.02.08,3697282.0,3984846.0,4071632.0,,,
18.02.09,3658024.0,3962858.0,3962858.0,,,
18.02.10,3609297.0,3873977.0,3942153.0,,,
18.02.11,3581235.0,3816003.0,3831922.0,,,
18.02.12,3665530.0,3779568.0,3832513.0,,,
18.02.13,3703147.0,3773092.0,4110493.0,,,
18.02.14,3876541.0,3811931.0,4402026.0,,,
18.02.15,3807035.0,3768965.0,4132746.0,,,
18.02.16,3716038.0,3811001.0,4149573.0,,,
18.02.17,3716048.0,3806883.0,3943139.0,,,
18.02.18,3767295.0,3800779.0,4181698.0,,,
18.02.19,3743098.0,3797163.0,3926090.0,,,
18.02.20,3736110.0,3759461.0,3871544.0,,,
18.02.21,3926913.0,3804738.0,4236157.0,,,
18.02.22,3743086.0,3813785.0,4217207.0,,,
18.02.23,3645555.0,3823779.0,3912894.0,,,
18.02.24,3666912.0,3793215.0,3821736.0,,,
18.02.25,3664320.0,3762032.0,3863820.0,,,
18.02.26,3672468.0,3741834.0,3778559.0,,,
18.02.27,3636295.0,3733261.0,3773664.0,,,
18.02.28,3754297.0,3733438.0,4421724.0,,,
18.03.01,3534208.0,3738404.0,3773746.0,,,
18.03.02,3389506.0,3724687.0,3675729.0,,,
18.03.03,3370987.0,3618192.0,3603208.0,,,
18.03.04,3412221.0,3541125.0,3567665.0,,,
18.03.05,3322345.0,3481077.0,3499536.0,,,
18.03.06,3354814.0,3455458.0,3477822.0,,,
18.03.07,3396221.0,3433957.0,3509428.0,,,
18.03.08,3240123.0,3416528.0,3405728.0,,,
18.03.09,3109999.0,3396809.0,3341520.0,,,
18.03.10,3131960.0,3288558.0,3278116.0,,,
18.03.11,3053948.0,3165924.0,3247363.0,,,
18.03.12,3043826.0,3138523.0,3148668.0,,,
18.03.13,3049999.0,3124553.0,3141499.0,,,
18.03.14,3052913.0,3113971.0,3208950.0,,,
18.03.15,3026048.0,3106741.0,3321088.0,,,
18.03.16,2910711.0,3104757.0,3156504.0,,,
18.03.17,2941850.0,3079135.0,3059524.0,,,
18.03.18,2910370.0,3030018.0,3065588.0,,,
18.03.19,2946161.0,3008357.0,3047639.0,,,
18.03.20,3039616.0,3002463.0,3127424.0,,,
18.03.21,3170493.0,2997876.0,3272653.0,,,
18.03.22,3036690.0,2996199.0,3360602.0,,,
18.03.23,2955987.0,3057803.0,3189179.0,,,
18.03.24,2962221.0,3057670.0,3182741.0,,,
18.03.25,3055173.0,3041593.0,3235086.0,,,
18.03.27,3219122.0,3058166.0,3362193.0,,,
18.03.28,3620493.0,3141781.0,4222400.0,,,
18.03.29,3502592.0,3296328.0,3813447.0,,,
18.03.30,3390000.0,3461566.0,3608465.0,,,
18.03.31,3352617.0,3505345.0,3501620.0,,,
18.04.01,3364160.0,3457606.0,3498726.0,,,
18.04.02,3373085.0,3433049.0,3504258.0,,,
18.04.03,3514565.0,3432556.0,3866021.0,,,
18.04.04,3951727.0,3438003.0,4756892.0,,,
18.04.05,3532098.0,3559567.0,4093306.0,,,
18.04.06,3149629.0,3699063.0,3398097.0,,,
18.04.07,2993208.0,3548612.0,3272573.0,,,
18.04.08,2966172.0,3295746.0,3206761.0,,,
18.04.09,2976789.0,3195086.0,3178547.0,,,
18.04.10,2999506.0,3092823.0,3119486.0,,,
18.04.11,2918049.0,3057464.0,3125554.0,,,
18.04.12,2749121.0,3045413.0,3030142.0,,,
18.04.13,2691357.0,3002357.0,2942549.0,,,
18.04.14,2669751.0,2862566.0,2898162.0,,,
18.04.15,2724567.0,2806304.0,2863822.0,,,
18.04.16,2682839.0,2778227.0,2852751.0,,,
18.04.17,2711185.0,2771432.0,2819632.0,,,
18.04.18,2730123.0,2769557.0,3024367.0,,,
18.04.19,2679875.0,2757292.0,3072922.0,,,
18.04.20,2697036.0,2759966.0,3041655.0,,,
18.04.21,2604073.0,2731381.0,2757422.0,,,
18.04.22,2613826.0,2686430.0,2727091.0,,,
18.04.23,2611493.0,2660819.0,2695641.0,,,
18.04.24,2609629.0,2641524.0,2696616.0,,,
18.04.25,2658283.0,2649420.0,2850269.0,,,
18.04.26,2624197.0,2650439.0,2860374.0,,,
18.04.27,2503603.0,2651035.0,2692763.0,,,
18.04.28,2487654.0,2639677.0,2661789.0,,,
18.04.29,2563086.0,2605802.0,2657064.0,,,
18.04.30,2516048.0,2594325.0,2653032.0,,,
18.05.01,2585061.0,2587933.0,2766015.0,,,
18.05.02,2637644.0,2593682.0,2970646.0,,,
18.05.03,2504382.0,2590643.0,2871690.0,,,
18.05.04,2503703.0,2598285.0,2667833.0,,,
18.05.05,2473333.0,2588753.0,2643716.0,,,
18.05.06,2523703.0,2579785.0,2663907.0,,,
18.05.07,2582715.0,2568366.0,2754895.0,,,
18.05.08,2597283.0,2571310.0,2764662.0,,,
18.05.09,2688913.0,2578366.0,2880124.0,,,
18.05.10,2514938.0,2637888.0,2847468.0,,,
18.05.11,2531715.0,2644235.0,2742691.0,,,
18.05.12,2501110.0,2640060.0,2682441.0,,,
18.05.13,2514320.0,2617686.0,2640036.0,,,
18.05.14,2558629.0,2606956.0,2667370.0,,,
18.05.15,2569135.0,2597680.0,2848883.0,,,
18.05.16,2693705.0,2588949.0,3025928.0,,,
18.05.17,2566894.0,2595415.0,2755132.0,,,
18.05.18,2483950.0,2597106.0,2663345.0,,,
18.05.19,2496419.0,2596275.0,2621240.0,,,
18.05.20,2481234.0,2566697.0,2599780.0,,,
18.05.21,2503159.0,2561565.0,2600502.0,,,
18.05.22,2554111.0,2559786.0,2772627.0,,,
18.05.23,2580505.0,2557567.0,2726732.0,,,
18.05.24,2598937.0,2561396.0,3029204.0,,,
18.05.25,2476235.0,2583538.0,2682587.0,,,
18.05.26,2372221.0,2577812.0,2554090.0,,,
18.05.27,2264383.0,2531075.0,2475725.0,,,
18.05.28,2218888.0,2430914.0,2411190.0,,,
18.05.29,2226172.0,2379528.0,2364689.0,,,
18.05.30,2202468.0,2290567.0,2354192.0,,,
18.05.31,2164073.0,2279490.0,2325175.0,,,
18.06.01,2082098.0,2264858.0,2292621.0,,,
18.06.02,2015332.0,2250452.0,2194471.0,,,
18.06.03,2055544.0,2165172.0,2172023.0,,,
18.06.04,2005555.0,2112517.0,2116974.0,,,
18.06.05,2038033.0,2099173.0,2139934.0,,,
18.06.06,2164937.0,2114420.0,2436756.0,,,
18.06.07,2018251.0,2096736.0,2323231.0,,,
18.06.08,1959148.0,2081050.0,2107171.0,,,
18.06.09,1941727.0,2056072.0,2049600.0,,,
18.06.10,1954567.0,2008859.0,2021890.0,,,
18.06.11,1999505.0,2001727.0,2086984.0,,,
18.06.12,2060852.0,1980707.0,2395168.0,,,
18.06.13,2153332.0,1981065.0,2361486.0,,,
18.06.14,2026073.0,1978797.0,2262447.0,,,
18.06.15,2004072.0,2037472.0,2159943.0,,,
18.06.16,2021862.0,2042081.0,2201582.0,,,
18.06.17,2031555.0,2047354.0,2128053.0,,,
18.06.18,2113826.0,2041015.0,2251225.0,,,
18.06.19,2269875.0,2047931.0,2451465.0,,,
18.06.20,2278887.0,2053530.0,2506776.0,,,
18.06.21,2259876.0,2144369.0,2583791.0,,,
18.06.22,2195802.0,2288513.0,2369024.0,,,
18.06.23,2171728.0,2258597.0,2302031.0,,,
18.06.24,2139506.0,2234594.0,2260743.0,,,
18.06.25,2180738.0,2221928.0,2294621.0,,,
18.06.26,2229629.0,2219719.0,2421935.0,,,
18.06.27,2345554.0,2223062.0,2444588.0,,,
18.06.28,2354332.0,2228766.0,2655162.0,,,
18.06.29,2303098.0,2267271.0,2605380.0,,,
18.06.30,2237530.0,2297196.0,2327031.0,,,
18.07.01,2178394.0,2280051.0,2398957.0,,,
18.07.02,2194444.0,2277343.0,2309042.0,,,
18.07.03,2178394.0,2280051.0,2398957.0,,,
18.07.04,2251604.0,2246599.0,2334162.0,,,
18.07.05,2215061.0,2242133.0,2490712.0,,,
18.07.06,2167654.0,2235091.0,2333839.0,,,
18.07.07,2138641.0,2231315.0,2243195.0,,,
18.07.08,2135888.0,2199965.0,2361342.0,,,
18.07.09,2133444.0,2183223.0,2235373.0,,,
18.07.10,2157320.0,2169304.0,2200467.0,,,
18.07.11,2173394.0,2163733.0,2298966.0,,,
18.07.12,2117493.0,2173958.0,2402177.0,,,
18.07.13,2108281.0,2164500.0,2234777.0,,,
18.07.14,2075182.0,2158189.0,2190469.0,,,
18.07.15,2124308.0,2152632.0,2228162.0,,,
18.07.16,2107604.0,2147412.0,2400325.0,,,
18.07.17,2093433.0,2102736.0,2384185.0,,,
18.07.18,2145655.0,2143269.0,2307769.0,,,
18.07.19,2267177.0,2161375.0,2542072.0,,,
18.07.20,2152781.0,2162348.0,2351315.0,,,
18.07.21,2120492.0,2160544.0,2224159.0,,,
18.07.22,2106899.0,2151377.0,2317589.0,,,
18.07.23,2084024.0,2146545.0,2422099.0,,,
18.07.24,2094900.0,2143780.0,2227576.0,,,
18.07.25,2157739.0,2140956.0,2299533.0,,,
18.07.26,2115531.0,2143738.0,2316507.0,,,
18.07.27,2022839.0,2135217.0,2364472.0,,,
18.07.28,2056419.0,2127250.0,2188943.0,,,
18.07.29,2028271.0,2086863.0,2181517.0,,,
18.07.30,2053332.0,2112649.0,2166266.0,,,
18.07.31,2062641.0,2110769.0,2133687.0,,,
18.08.01,2215987.0,2132271.0,2448665.0,,,
18.08.02,2152680.0,2102450.0,2592783.0,,,
18.08.03,2053578.0,2101494.0,2290879.0,,,
18.08.04,2078295.0,2103696.0,2182210.0,,,
18.08.05,2148536.0,2112727.0,2438589.0,,,
18.08.06,2073480.0,2094214.0,2315384.0,,,
18.08.07,2087774.0,2099371.0,2380062.0,,,
18.08.08,2173616.0,2093916.0,2339354.0,,,
18.08.09,2077852.0,2107864.0,2578845.0,,,
18.08.10,2051133.0,2117225.0,2238014.0,,,
18.08.11,2029494.0,2101652.0,2194108.0,,,
18.08.12,2084664.0,2098560.0,2304711.0,,,
18.08.13,2150695.0,2107681.0,2392649.0,,,
18.08.14,2132714.0,2104277.0,2228686.0,,,
18.08.15,2125184.0,2092124.0,2394372.0,,,
18.08.16,2176418.0,2111126.0,2385899.0,,,
18.08.17,2111419.0,2151300.0,2423438.0,,,
18.08.18,2119452.0,2161841.0,2211294.0,,,
18.08.19,2111109.0,2158022.0,2235137.0,,,
18.08.20,2101258.0,2157290.0,2187643.0,,,
18.08.21,2076530.0,2148054.0,2171126.0,,,
18.08.22,2099245.0,2124902.0,2185547.0,,,
18.08.23,2063577.0,2130070.0,2260762.0,,,
18.08.24,2010863.0,2124810.0,2176759.0,,,
18.08.25,2002474.0,2111497.0,2164897.0,,,
18.08.26,2003540.0,2088133.0,2112620.0,,,
18.08.27,1975092.0,2051899.0,2069456.0,,,
18.08.28,1993703.0,2035792.0,2097818.0,,,
18.08.29,1984810.0,2026711.0,2337663.0,,,
18.08.30,2014320.0,2032224.0,2404595.0,,,
18.08.31,1932098.0,2032996.0,2127454.0,,,
18.09.01,1909875.0,2018099.0,2039320.0,,,
18.09.02,1888146.0,1988847.0,2032903.0,,,
18.09.03,1898765.0,1968385.0,1978934.0,,,
18.09.04,1901481.0,1971200.0,1990215.0,,,
18.09.05,1875283.0,1912789.0,2083648.0,,,
18.09.06,1851974.0,1913706.0,2265581.0,,,
18.09.07,1748629.0,1915719.0,1923492.0,,,
18.09.08,1753950.0,1913754.0,1870879.0,,,
18.09.09,1728172.0,1914429.0,1885627.0,,,
18.09.10,1759135.0,1911592.0,1866637.0,,,
18.09.11,1776295.0,1918399.0,1865110.0,,,
18.09.12,1803209.0,1841276.0,1897376.0,,,
18.09.13,1755554.0,1817973.0,1915748.0,,,
18.09.14,1713912.0,1807225.0,1873877.0,,,
18.09.15,1691357.0,1796597.0,1837940.0,,,
18.09.16,1684013.0,1777568.0,1871125.0,,,
18.09.17,1666666.0,1775924.0,1807406.0,,,
18.09.18,1721461.0,1771191.0,1956010.0,,,
18.09.19,1794468.0,1746615.0,1872228.0,,,
18.09.20,2028881.0,1751600.0,2300244.0,,,
18.09.21,1975431.0,1769107.0,2148281.0,,,
18.09.22,2148543.0,1952784.0,2361008.0,,,
18.09.23,2429492.0,2043473.0,2684589.0,,,
18.09.24,2192840.0,2105126.0,2509582.0,,,
18.09.25,2123749.0,2159144.0,2274771.0,,,
18.09.26,2276010.0,2184969.0,2719832.0,,,
18.09.27,2349320.0,2166595.0,2754578.0,,,
18.09.28,2259998.0,2197220.0,2440798.0,,,
18.09.29,2219628.0,2259087.0,2340474.0,,,
18.09.30,2279011.0,2258753.0,2479056.0,,,
18.10.01,2298517.0,2272976.0,2407697.0,,,
18.10.02,2242493.0,2254950.0,2516575.0,,,
18.10.03,2293085.0,2247224.0,2573351.0,,,
18.10.04,2409999.0,2241299.0,2846811.0,,,
18.10.05,2246542.0,2274000.0,2473692.0,,,
18.10.06,2213194.0,2257458.0,2282049.0,,,
18.10.07,2193208.0,2234633.0,2530414.0,,,
18.10.08,2193454.0,2230010.0,2249508.0,,,
18.10.09,2218345.0,2225738.0,2307078.0,,,
18.10.10,2155466.0,2188994.0,2361432.0,,,
18.10.11,2110617.0,2190349.0,2248978.0,,,
18.10.12,2164321.0,2183558.0,2241274.0,,,
18.10.13,2166046.0,2161231.0,2226212.0,,,
18.10.14,2062251.0,2128701.0,2165364.0,,,
18.10.15,2047653.0,2115908.0,2115908.0,,,
18.10.16,2041987.0,2096438.0,2089632.0,,,
18.10.17,2078892.0,2071961.0,2138660.0,,,
18.10.18,2166061.0,2105892.0,2225627.0,,,
18.10.19,2029734.0,2059051.0,2105122.0,,,
18.10.20,2038089.0,2040353.0,2375505.0,,,
18.10.21,1961856.0,2020712.0,2114443.0,,,
18.10.22,1959629.0,1998821.0,2091903.0,,,
18.10.23,1942589.0,1996548.0,2046193.0,,,
18.10.24,1945554.0,1993111.0,2215768.0,,,
18.10.25,2010863.0,1981816.0,2468891.0,,,
18.10.26,1925703.0,1985613.0,2128970.0,,,
18.10.27,2021017.0,1987333.0,2225364.0,,,
18.10.28,1945888.0,1976156.0,2209663.0,,,
18.10.29,1934691.0,1975534.0,2001329.0,,,
18.10.30,1896666.0,1980961.0,2010466.0,,,
18.10.31,2046665.0,1978442.0,2328649.0,,,
18.11.01,2163949.0,1969193.0,2519453.0,,,
18.11.02,1988584.0,1959859.0,2194070.0,,,
18.11.03,2004443.0,1995534.0,2111346.0,,,
18.11.04,2041975.0,2012478.0,2139534.0,,,
18.11.05,1990875.0,2006358.0,2085993.0,,,
18.11.06,1986974.0,1998012.0,2053206.0,,,
18.11.07,2146862.0,2018051.0,2544032.0,,,
18.11.08,2221123.0,1996541.0,2451564.0,,,
18.11.09,2110431.0,2079946.0,2429341.0,,,
18.11.10,2140368.0,2128476.0,2242628.0,,,
18.11.11,2243332.0,2148612.0,2599461.0,,,
18.11.12,2251357.0,2153796.0,2499006.0,,,
18.11.13,2219135.0,2174752.0,2290640.0,,,
18.11.14,2662369.0,2197932.0,3098332.0,,,
18.11.15,2692457.0,2228754.0,3332662.0,,,
18.11.16,2488023.0,2568192.0,2833580.0,,,
18.11.17,2375555.0,2586713.0,2489052.0,,,
18.11.18,2329505.0,2492571.0,2448569.0,,,
18.11.19,2263036.0,2408875.0,2376188.0,,,
18.11.20,2267234.0,2345326.0,2355402.0,,,
18.11.21,2279999.0,2302799.0,2335731.0,,,
18.11.22,2246912.0,2296843.0,2491574.0,,,
18.11.23,2210998.0,2296980.0,2326461.0,,,
18.11.24,2202357.0,2263532.0,2290452.0,,,
18.11.25,2168765.0,2238647.0,2279612.0,,,
18.11.26,2149998.0,2231218.0,2228829.0,,,
18.11.27,2122863.0,2212494.0,2184188.0,,,
18.11.28,2085178.0,2163950.0,2168585.0,,,
18.11.29,2016666.0,2106295.0,2135423.0,,,
18.11.30,1936541.0,2076402.0,2080705.0,,,
18.12.01,1946294.0,2021982.0,2006846.0,,,
18.12.02,1895924.0,1990720.0,2142394.0,,,
18.12.03,1805442.0,1953890.0,1915775.0,,,
18.12.04,1789160.0,1934280.0,1902473.0,,,
18.12.05,1901110.0,1884211.0,2002502.0,,,
18.12.06,2056295.0,1852950.0,2303050.0,,,
18.12.07,1877407.0,1869062.0,2167361.0,,,
18.12.08,1874072.0,1932377.0,1990681.0,,,
18.12.09,1795184.0,1930819.0,2030553.0,,,
18.12.10,1779035.0,1901589.0,1848218.0,,,
18.12.11,1748394.0,1872724.0,1824157.0,,,
18.12.12,1725825.0,1785270.0,1821703.0,,,
18.12.13,1682838.0,1766980.0,1759500.0,,,
18.12.14,1656418.0,1728196.0,1765004.0,,,
18.12.15,1672222.0,1709382.0,1787418.0,,,
18.12.16,1612405.0,1698400.0,1791561.0,,,
18.12.17,1557098.0,1698966.0,1650523.0,,,
18.12.18,1507813.0,1663620.0,1591579.0,,,
18.12.19,1516790.0,1582517.0,1611167.0,,,
18.12.20,1485060.0,1541161.0,1569213.0,,,
18.12.21,1456789.0,1524772.0,1544197.0,,,
18.12.22,1468789.0,1499796.0,1550387.0,,,
18.12.23,1407048.0,1494598.0,1494598.0,,,
18.12.24,1371604.0,1472188.0,1455424.0,,,
18.12.25,1349566.0,1438037.0,1429039.0,,,
18.12.26,1378899.0,1409541.0,1403411.0,,,
18.12.27,1373330.0,1387064.0,1631210.0,,,
18.12.28,1313579.0,1398231.0,1507696.0,,,
18.12.29,1252221.0,1366312.0,1334311.0,,,
18.12.30,1206912.0,1312851.0,1298100.0,,,
18.12.31,1169888.0,1277778.0,1243981.0,,,
19.01.01,1158285.0,1243225.0,1225207.0,,,
19.01.02,1153826.0,1192286.0,1252542.0,,,
19.01.03,1105703.0,1180644.0,1235623.0,,,
19.01.04,1088283.0,1158417.0,1378492.0,,,
19.01.05,1131294.0,1147635.0,1185344.0,,,
19.01.06,1318185.0,1164397.0,1665307.0,,,
19.01.07,1152295.0,1151014.0,1284169.0,,,
19.01.08,1154307.0,1155589.0,1224848.0,,,
19.01.09,1266184.0,1157854.0,1505176.0,,,
19.01.10,1432334.0,1160191.0,1949566.0,,,
19.01.11,1227601.0,1287616.0,1489488.0,,,
19.01.12,1179986.0,1282251.0,1295362.0,,,
19.01.13,1184455.0,1275262.0,1282172.0,,,
19.01.14,1144957.0,1230192.0,1312883.0,,,
19.01.15,1146284.0,1204872.0,1237987.0,,,
19.01.16,1146885.0,1171097.0,1202954.0,,,
19.01.17,1147395.0,1161419.0,1373049.0,,,
19.01.18,1112097.0,1149167.0,1224697.0,,,
19.01.19,1079999.0,1138799.0,1189199.0,,,
19.01.20,1115801.0,1128199.0,1181155.0,,,
19.01.21,1264859.0,1146278.0,1411582.0,,,
19.01.22,1604976.0,1121698.0,2180983.0,,,
19.01.23,1472697.0,1133976.0,1657601.0,,,
19.01.24,1418445.0,1413716.0,1624907.0,,,
19.01.25,1359876.0,1427870.0,1488308.0,,,
19.01.26,1408147.0,1422229.0,1580254.0,,,
19.01.27,1362048.0,1405936.0,1489172.0,,,
19.01.28,1275431.0,1395887.0,1378882.0,,,
19.01.29,1199012.0,1389520.0,1288271.0,,,
19.01.30,1226171.0,1294291.0,1322902.0,,,
19.01.31,1168271.0,1251348.0,1291588.0,,,
19.02.01,1196408.0,1225652.0,1369221.0,,,
19.02.02,1167160.0,1202174.0,1324726.0,,,
19.02.03,1123728.0,1194897.0,1276055.0,,,
19.02.04,1079371.0,1188507.0,1152528.0,,,
19.02.05,1092580.0,1170274.0,1179986.0,,,
19.02.06,1098388.0,1116694.0,1198463.0,,,
19.02.07,1086913.0,1088120.0,1175418.0,,,
19.02.08,1032678.0,1076280.0,1141683.0,,,
19.02.09,981481.0,1064361.0,1085081.0,,,
19.02.10,962826.0,1040922.0,1048410.0,,,
19.02.11,906087.0,1033946.0,995688.0,,,
19.02.12,903332.0,991658.0,954521.0,,,
19.02.13,913400.0,938772.0,953995.0,,,
19.02.14,983704.0,926868.0,1249304.0,,,
19.02.15,904090.0,927194.0,1019362.0,,,
19.02.16,972424.0,935687.0,1161506.0,,,
19.02.17,956824.0,928119.0,1088045.0,,,
19.02.18,850615.0,921500.0,994274.0,,,
19.02.19,830740.0,896276.0,879661.0,,,
19.02.20,857049.0,873236.0,881807.0,,,
19.02.21,843362.0,852850.0,1137333.0,,,
19.02.22,880123.0,877188.0,1030721.0,,,
19.02.23,827013.0,864688.0,898687.0,,,
19.02.24,850146.0,870927.0,977668.0,,,
19.02.25,799999.0,847999.0,903999.0,,,
19.02.26,794422.0,840321.0,847382.0,,,
19.02.27,787261.0,816126.0,826624.0,,,
19.02.28,835704.0,811561.0,945390.0,,,
19.03.01,853782.0,813939.0,926354.0,,,
19.03.02,835407.0,824268.0,905024.0,,,
19.03.03,849808.0,846975.0,1031100.0,,,
19.03.04,809887.0,833283.0,852181.0,,,
19.03.05,829988.0,836443.0,925436.0,,,
19.03.06,913470.0,839377.0,1000250.0,,,
19.03.07,941315.0,814760.0,1086695.0,,,
19.03.08,923691.0,865190.0,1084823.0,,,
19.03.09,884052.0,909590.0,967545.0,,,
19.03.10,902334.0,910354.0,979533.0,,,
19.03.11,859360.0,904237.0,958663.0,,,
19.03.12,907900.0,907900.0,992638.0,,,
19.03.13,963169.0,917418.0,1012703.0,,,
19.03.14,951367.0,906969.0,1302184.0,,,
19.03.15,886467.0,911091.0,1042091.0,,,
19.03.16,883973.0,910492.0,946833.0,,,
19.03.17,954944.0,912501.0,1091819.0,,,
19.03.18,968804.0,921440.0,1103359.0,,,
19.03.19,954982.0,912538.0,1049286.0,,,
19.03.20,907855.0,917942.0,982501.0,,,
19.03.21,915937.0,913901.0,1182704.0,,,
19.03.22,871223.0,914784.0,999002.0,,,
19.03.23,875061.0,906174.0,947982.0,,,
19.03.24,891900.0,900819.0,946529.0,,,
19.03.25,894593.0,901550.0,1108300.0,,,
19.03.26,878445.0,877468.0,1004355.0,,,
19.03.27,928034.0,882663.0,1151794.0,,,
19.03.28,927900.0,884598.0,1228308.0,,,
19.03.29,907655.0,886476.0,1049854.0,,,
19.03.30,1014362.0,946737.0,1178914.0,,,
19.03.31,964568.0,959208.0,1083933.0,,,
19.04.01,951081.0,978555.0,1058869.0,,,
19.04.02,918535.0,954255.0,1007326.0,,,
19.04.03,991108.0,939349.0,1038185.0,,,
19.04.04,1061012.0,939584.0,1479521.0,,,
19.04.05,950371.0,954594.0,1122494.0,,,
19.04.06,949259.0,972462.0,1006214.0,,,
19.04.07,961876.0,972563.0,1034550.0,,,
19.04.08,984242.0,962369.0,1025017.0,,,
19.04.09,1080465.0,960412.0,1345178.0,,,
19.04.10,1123643.0,982562.0,1363821.0,,,
19.04.11,1043875.0,1002120.0,1304843.0,,,
19.04.12,1052109.0,1033405.0,1144460.0,,,
19.04.13,1027457.0,1037732.0,1095526.0,,,
19.04.14,1040531.0,1041687.0,1195454.0,,,
19.04.15,1020493.0,1031832.0,1063580.0,,,
19.04.16,1073939.0,1032174.0,1226677.0,,,
19.04.17,1095009.0,1028091.0,1197209.0,,,
19.04.18,1020764.0,1036642.0,1220379.0,,,
19.04.19,1019001.0,1030323.0,1076743.0,,,
19.04.20,1016790.0,1022439.0,1152362.0,,,
19.04.21,1091494.0,1035706.0,1130476.0,,,
19.04.22,1071550.0,1048927.0,1201326.0,,,
19.04.23,1004524.0,1034659.0,1110556.0,,,
19.04.24,970066.0,1002401.0,1072461.0,,,
19.04.25,955209.0,979620.0,1025258.0,,,
19.04.26,948962.0,967942.0,1011172.0,,,
19.04.27,967643.0,974094.0,1030002.0,,,
19.04.28,934556.0,967784.0,1024896.0,,,
19.04.29,1030135.0,974049.0,1137726.0,,,
19.04.30,1219832.0,982642.0,1447026.0,,,
19.05.01,1386362.0,1035149.0,1620502.0,,,
19.05.02,1417654.0,1206581.0,1545242.0,,,
19.05.03,1361651.0,1343495.0,1463018.0,,,
19.05.04,1305802.0,1343524.0,1411717.0,,,
19.05.05,1257766.0,1326243.0,1440840.0,,,
19.05.06,1332424.0,1323541.0,1465667.0,,,
19.05.07,1619664.0,1315527.0,1975990.0,,,
19.05.08,1807529.0,1385771.0,2162256.0,,,
19.05.09,1787160.0,1612415.0,1992683.0,,,
19.05.10,1721715.0,1740845.0,1876669.0,,,
19.05.11,1699977.0,1737754.0,1790642.0,,,
19.05.12,1659506.0,1736948.0,1858646.0,,,
19.05.13,1737581.0,1704759.0,2032969.0,,,
19.05.14,1948496.0,1654054.0,2268604.0,,,
19.05.15,2073692.0,1732683.0,2578289.0,,,
19.05.16,2116046.0,1852714.0,2572170.0,,,
19.05.19,2084320.0,2079687.0,2306646.0,,,
19.05.20,2094481.0,2020009.0,2299273.0,,,
19.05.21,2102086.0,1980632.0,2436082.0,,,
19.05.22,2266052.0,1956357.0,2545531.0,,,
19.05.23,2457467.0,1996009.0,3262969.0,,,
19.05.24,2369247.0,2263946.0,3103714.0,,,
19.05.25,2271728.0,2259106.0,2405505.0,,,
19.05.26,2126460.0,2251683.0,2445429.0,,,
19.05.27,2215006.0,2244538.0,2645700.0,,,
19.05.28,2152828.0,2155219.0,2349273.0,,,
19.05.29,2187883.0,2139262.0,2377498.0,,,
19.05.30,2174819.0,2112293.0,2358469.0,,,
19.05.31,2017425.0,2113253.0,2342735.0,,,
19.06.01,1995158.0,2068313.0,2083831.0,,,
19.06.02,2029246.0,2051793.0,2112670.0,,,
19.06.03,1936194.0,2037306.0,2239530.0,,,
19.06.04,1904816.0,1904298.0,2506507.0,,,
19.06.05,1925532.0,1899988.0,2644026.0,,,
19.06.06,2173936.0,1903198.0,2723457.0,,,
19.06.07,2312430.0,1944320.0,4080246.0,,,
19.06.08,2234187.0,1947901.0,3781121.0,,,
19.06.09,2247242.0,1978395.0,3530235.0,,,
19.06.10,2341981.0,1972715.0,3431497.0,,,
19.06.11,2433450.0,1964937.0,3657697.0,,,
19.06.12,2502868.0,1952087.0,3996296.0,,,
19.06.13,2355921.0,1940853.0,2713365.0,,,
19.06.14,2031876.0,1928865.0,3514743.0,,,
19.06.15,1891968.0,2113192.0,2608765.0,,,
19.06.16,1879229.0,2052090.0,2212083.0,,,
19.06.17,1846890.0,2025922.0,1958784.0,,,
19.06.18,1781935.0,2025922.0,1957691.0,,,
19.06.19,1829697.0,1710216.0,2087396.0,,,
19.06.20,1885656.0,1701329.0,2090345.0,,,
19.06.21,1834197.0,1744916.0,2726666.0,,,
19.06.22,1685078.0,1696055.0,2332036.0,,,
19.06.23,1628117.0,1684803.0,1895603.0,,,
19.06.24,1683617.0,1656902.0,1979927.0,,,
19.06.25,1711266.0,1569124.0,1823703.0,,,
19.06.26,1886594.0,1516161.0,2781409.0,,,
19.06.27,1911155.0,1523557.0,2896891.0,,,
19.06.28,1828905.0,1587973.0,2201111.0,,,
19.06.29,1629735.0,1612922.0,1836964.0,,,
19.06.30,1564075.0,1594404.0,1754209.0,,,
19.07.01,1495155.0,1590096.0,1618716.0,,,
19.07.02,1485849.0,1557880.0,1511169.0,,,
19.07.03,1437879.0,1511100.0,1516265.0,,,
19.07.04,1579460.0,1488384.0,2757857.0,,,
19.07.05,1445109.0,1481695.0,2435397.0,,,
19.07.06,1497100.0,1482189.0,2474003.0,,,
19.07.07,1404639.0,1455533.0,2366049.0,,,
19.07.08,1333422.0,1451706.0,2178160.0,,,
19.07.09,1414473.0,1389350.0,2219754.0,,,
19.07.10,1447643.0,1347150.0,2802212.0,,,
19.07.11,1462256.0,1347017.0,2695175.0,,,
19.07.12,1359231.0,1366140.0,2413362.0,,,
19.07.13,1330648.0,1346533.0,1918506.0,,,
19.07.14,1343742.0,1341471.0,1474521.0,,,
19.07.15,1290062.0,1295110.0,1342717.0,,,
19.07.16,1255760.0,1227148.0,1567012.0,,,
19.07.17,1367019.0,1205003.0,2149559.0,,,
19.07.18,1390146.0,1192568.0,1917655.0,,,
19.07.19,1417672.0,1192838.0,1760494.0,,,
19.07.20,1434515.0,1197159.0,1999270.0,,,
19.07.21,1421915.0,1248631.0,1677755.0,,,
19.07.22,1480274.0,1256887.0,1635309.0,,,
19.07.23,1470347.0,1261828.0,1529753.0,,,
19.07.24,1384028.0,1316015.0,1985630.0,,,
19.07.25,1334107.0,1248606.0,1755533.0,,,
19.07.26,1353799.0,1284679.0,2030718.0,,,
19.07.27,1359700.0,1209087.0,1993677.0,,,
19.07.28,1376967.0,1200457.0,1525240.0,,,
19.07.29,1402388.0,1194901.0,1681625.0,,,
19.07.30,1487479.0,1194901.0,1773966.0,,,
19.07.31,1475683.0,1210950.0,1569017.0,,,
19.08.01,1556319.0,1216371.0,2947037.0,,,
19.08.02,1544968.0,1343311.0,1875376.0,,,
19.08.03,1527216.0,1387890.0,2890163.0,,,
19.08.04,1621090.0,1422178.0,1755904.0,,,
19.08.05,1553558.0,1442956.0,1659138.0,,,
19.08.06,1597803.0,1502942.0,2097250.0,,,
19.08.07,1639259.0,1483201.0,1894298.0,,,
19.08.08,1552064.0,1492199.0,2301336.0,,,
19.08.09,1499866.0,1613793.0,1823567.0,,,
19.08.10,1609858.0,1548484.0,1777316.0,,,
19.08.11,1562738.0,1525027.0,1791044.0,,,
19.08.12,1592704.0,1446015.0,2464383.0,,,
19.08.13,1662765.0,1419831.0,1752087.0,,,
19.08.14,1700552.0,1419842.0,2092511.0,,,
19.08.15,1856660.0,1403804.0,2164708.0,,,
19.08.16,2156929.0,1431548.0,3245131.0,,,
19.08.17,2252035.0,1484032.0,2778940.0,,,
19.08.18,2126781.0,1468435.0,2567396.0,,,
19.08.19,1885660.0,1463001.0,2016776.0,,,
19.08.20,1688565.0,1463013.0,1793385.0,,,
19.08.21,1638352.0,1515850.0,1793553.0,,,
19.08.22,1792934.0,1515850.0,3390615.0,,,
19.08.23,1948052.0,1560185.0,3450827.0,,,
19.08.24,2267351.0,1563908.0,3360151.0,,,
19.08.25,2475248.0,1653918.0,3638627.0,,,
19.08.26,2586392.0,1676152.0,3465755.0,,,
19.08.27,2676278.0,1653930.0,4346051.0,,,
19.08.28,2496322.0,1637140.0,3993350.0,,,
19.08.29,2270715.0,1637140.0,3607015.0,,,
19.08.30,2045784.0,1587522.0,4052562.0,,,
19.08.31,1967382.0,1620978.0,4567043.0,,,
19.09.01,1914354.0,1673210.0,3921724.0,,,
19.09.02,1997352.0,1569901.0,5143401.0,,,
19.09.03,2050273.0,1493339.0,5590180.0,,,
19.09.04,2035268.0,1493560.0,4494747.0,,,
19.09.05,2229676.0,1495291.0,4071426.0,,,
19.09.06,2429885.0,1480028.0,4376779.0,,,
19.09.07,2542061.0,1518917.0,4167239.0,,,
19.09.08,2547420.0,1638471.0,6195077.0,,,
19.09.09,2637755.0,1724852.0,4821152.0,,,
19.09.10,2808676.0,1819070.0,4582951.0,,,
19.09.11,2660159.0,1727083.0,3840727.0,,,
19.09.12,2447475.0,1699281.0,2967640.0,,,
19.09.13,2687589.0,1698181.0,3002660.0,,,
19.09.14,2658841.0,1792019.0,3161851.0,,,
19.09.15,2307133.0,1776575.0,2406493.0,,,
19.09.16,2061839.0,1773110.0,2146397.0,,,
19.09.17,1943861.0,1770062.0,2504686.0,,,
19.09.18,1957711.0,1720808.0,2667806.0,,,
19.09.19,1873347.0,1702290.0,3336934.0,,,
19.09.20,1867501.0,1540975.0,2539715.0,,,
19.09.21,1929892.0,1558496.0,2105041.0,,,
19.09.22,1995892.0,1558496.0,2804915.0,,,
19.09.23,1901278.0,1557363.0,2085067.0,,,
19.09.24,1812649.0,1620224.0,1900624.0,,,
19.09.25,1982108.0,1644377.0,2827155.0,,,
19.09.26,2252685.0,1634501.0,3595895.0,,,
19.09.27,2325729.0,1698328.0,3965546.0,,,
19.09.28,2190885.0,1671673.0,2765747.0,,,
19.09.29,2045585.0,1640562.0,2358284.0,,,
19.09.30,2068639.0,1694995.0,2196024.0,,,
19.10.01,2062450.0,1694995.0,2948081.0,,,
19.10.02,2015245.0,1763928.0,2169259.0,,,
19.10.03,2077958.0,1931448.0,3031470.0,,,
19.10.04,2123897.0,1897174.0,6143660.0,,,
19.10.05,2273344.0,1951571.0,4954765.0,,,
19.10.06,2393605.0,1948620.0,5255772.0,,,
19.10.07,2620423.0,1941964.0,5103191.0,,,
19.10.08,2731631.0,1959853.0,4494411.0,,,
19.10.09,2983708.0,1990266.0,4207734.0,,,
19.10.10,2858362.0,1990266.0,3963394.0,,,
19.10.11,2845334.0,2034081.0,4323754.0,,,
19.10.12,2608950.0,2034070.0,3146685.0,,,
19.10.13,2558447.0,2022948.0,3010331.0,,,
19.10.14,2367459.0,1973848.0,2601922.0,,,
19.10.15,2358958.0,1920739.0,2918042.0,,,
19.10.16,2156991.0,1907395.0,3122694.0,,,
19.10.17,2102581.0,1885779.0,2214520.0,,,
19.10.18,1917063.0,1884667.0,2037750.0,,,
19.10.19,1868893.0,1884667.0,2665121.0,,,
19.10.20,1706375.0,1861098.0,2513677.0,,,
19.10.21,1575544.0,1829987.0,2257086.0,,,
19.10.22,1622595.0,1765678.0,1642842.0,,,
19.10.23,1736543.0,1770100.0,2157530.0,,,
19.10.24,1791334.0,1759011.0,2400545.0,,,
19.10.25,1766276.0,1735689.0,3356274.0,,,
19.10.26,1754455.0,1726800.0,2163604.0,,,
19.10.27,1790092.0,1720627.0,2308689.0,,,
19.10.28,1841964.0,1720627.0,2456296.0,,,
19.10.29,1835500.0,1770010.0,2482435.0,,,
19.10.30,1650153.0,1775564.0,1730676.0,,,
19.10.31,1539792.0,1739280.0,1586419.0,,,
19.11.01,1735732.0,1678550.0,2541806.0,,,
19.11.02,2117548.0,1684094.0,4900370.0,,,
19.11.03,2342209.0,1684094.0,3933950.0,,,
19.11.04,2469867.0,1725429.0,3059164.0,,,
19.11.05,2310469.0,1725059.0,3514189.0,,,
19.11.06,1953241.0,1724948.0,2510244.0,,,
19.11.07,1954927.0,1744183.0,2031223.0,,,
19.11.08,1838863.0,1738517.0,2079224.0,,,
19.11.09,1847445.0,1742085.0,2857062.0,,,
19.11.10,1698132.0,1742085.0,2586118.0,,,
19.11.11,1520507.0,1676800.0,2491353.0,,,
19.11.12,1431126.0,1659527.0,2407969.0,,,
19.11.13,1561664.0,1613927.0,3117275.0,,,
19.11.14,1612004.0,1612366.0,2785102.0,,,
19.11.15,1768371.0,1642021.0,3012296.0,,,
19.11.16,1839598.0,1656687.0,2991576.0,,,
19.11.17,2021267.0,1645476.0,2388736.0,,,
19.11.18,2253331.0,1646711.0,2766638.0,,,
19.11.19,2071069.0,1646687.0,2270923.0,,,
19.11.20,1962342.0,1714835.0,2763412.0,,,
19.11.21,2085348.0,1699291.0,3389917.0,,,
19.11.22,1999284.0,1707922.0,3050025.0,,,
19.11.23,2010019.0,1682366.0,2590637.0,,,
19.11.24,2128304.0,1675137.0,2537688.0,,,
19.11.25,2122147.0,1784847.0,2672933.0,,,
19.11.26,1901673.0,1758910.0,2079318.0,,,
19.11.27,1906854.0,1755823.0,1975982.0,,,
19.11.28,2025881.0,1752120.0,2648101.0,,,
19.11.29,2053489.0,1709476.0,4201037.0,,,
19.11.30,2098144.0,1733875.0,3655733.0,,,
19.12.01,2260646.0,1743855.0,3879929.0,,,
19.12.02,2435484.0,1737012.0,2834866.0,,,
19.12.03,2304115.0,1662938.0,2778683.0,,,
19.12.04,2165607.0,1669105.0,2356127.0,,,
19.12.05,2098661.0,1650716.0,2726145.0,,,
19.12.06,1938724.0,1796395.0,2243311.0,,,
19.12.07,1875607.0,1655385.0,2053165.0,,,
19.12.08,1809148.0,1618607.0,2108853.0,,,
19.12.09,1814245.0,1619718.0,2483684.0,,,
19.12.10,1793052.0,1630828.0,1995896.0,,,
19.12.11,1642756.0,1618879.0,1682286.0,,,
19.12.12,1450523.0,1478744.0,1576871.0,,,
19.12.13,1448076.0,1467393.0,1645131.0,,,
19.12.14,1510611.0,1423681.0,2091237.0,,,
19.12.15,1665112.0,1217160.0,2646891.0,,,
19.12.16,1825712.0,1224896.0,2451773.0,,,
19.12.17,1916781.0,1234761.0,2188847.0,,,
19.12.18,1960165.0,1229834.0,2369069.0,,,
19.12.19,1941764.0,1214414.0,2640718.0,,,
19.12.20,1836469.0,1218847.0,3893281.0,,,
19.12.21,1735389.0,1223168.0,3629385.0,,,
19.12.22,1811881.0,1223168.0,2021460.0,,,
19.12.23,1933457.0,1264823.0,3462704.0,,,
19.12.24,1794136.0,1241501.0,2942576.0,,,
19.12.25,1749279.0,1410413.0,2906145.0,,,
19.12.26,1603125.0,1411648.0,2155511.0,,,
19.12.27,1704802.0,1441918.0,2032795.0,,,
19.12.28,1624036.0,1509717.0,1910229.0,,,
19.12.29,1639364.0,1348606.0,2217548.0,,,
19.12.30,1729387.0,1348606.0,2282397.0,,,
19.12.31,1863524.0,1317742.0,1962447.0,,,
20.01.01,1786604.0,1313903.0,1975863.0,,,
20.01.02,1821853.0,1313903.0,1843110.0,,,
20.01.03,1788267.0,1325070.0,1855489.0,,,
20.01.04,1618741.0,1344823.0,3604718.0,,,
20.01.05,1678419.0,1344823.0,3640541.0,,,
20.01.06,1776053.0,1347292.0,2806756.0,,,
20.01.07,1851339.0,1363754.0,3175791.0,,,
20.01.08,2065941.0,1630423.0,3247297.0,,,
20.01.09,2234148.0,1655444.0,2609397.0,,,
20.01.10,2152705.0,1644333.0,2622938.0,,,
20.01.11,2039250.0,1609025.0,2477384.0,,,
20.01.12,1909899.0,1655926.0,3234063.0,,,
20.01.13,1924574.0,1446049.0,3334628.0,,,
20.01.14,1968820.0,1446049.0,3480476.0,,,
20.01.15,1880480.0,1431481.0,3906771.0,,,
20.01.16,2028574.0,1431481.0,4027904.0,,,
20.01.17,2213871.0,1799305.0,4020746.0,,,
20.01.18,2345831.0,1845114.0,5118102.0,,,
20.01.19,2425939.0,1926765.0,3620779.0,,,
20.01.20,2790444.0,1918990.0,5157530.0,,,
20.01.21,2581685.0,1907632.0,3943791.0,,,
20.01.22,2865246.0,2240425.0,3811034.0,,,
20.01.23,3189226.0,2228326.0,5108753.0,,,
20.01.24,3307193.0,2000963.0,5559778.0,,,
20.01.25,3184539.0,1949076.0,3715526.0,,,
20.01.26,3001443.0,1971299.0,3104678.0,,,
20.01.27,2706980.0,1957112.0,3566712.0,,,
20.01.28,2610662.0,1900446.0,3035490.0,,,
20.01.29,2747801.0,1906012.0,4139393.0,,,
20.01.30,3132415.0,1928139.0,6150718.0,,,
20.01.31,2954220.0,1931730.0,5538118.0,,,
20.02.01,2833588.0,1876290.0,3670359.0,,,
20.02.02,2597835.0,1882957.0,3159360.0,,,
20.02.03,2422513.0,1900982.0,2863186.0,,,
20.02.04,2267346.0,1931240.0,3545448.0,,,
20.02.05,2317182.0,1917127.0,3313441.0,,,
20.02.06,2386073.0,1917127.0,4181235.0,,,
20.02.07,2511074.0,1916978.0,3880868.0,,,
20.02.08,2582778.0,1893644.0,3683863.0,,,
20.02.09,3036630.0,1901557.0,4748832.0,,,
20.02.10,3046281.0,1921846.0,4913580.0,,,
20.02.11,3143173.0,1968162.0,4060266.0,,,
20.02.12,3054613.0,2028038.0,3312671.0,,,
20.02.13,2687875.0,2057879.0,3435363.0,,,
20.02.14,2512592.0,2157779.0,2585068.0,,,
20.02.15,2533292.0,2174545.0,3301285.0,,,
20.02.16,2880900.0,2174157.0,5348754.0,,,
20.02.17,3069788.0,2171324.0,4334650.0,,,
20.02.18,3216489.0,2251221.0,5103736.0,,,
20.02.19,3221401.0,2269253.0,4247160.0,,,
20.02.20,3307163.0,2315367.0,5235569.0,,,
20.02.21,3355556.0,2303022.0,4156766.0,,,
20.02.22,3417811.0,2252405.0,3812311.0,,,
20.02.23,3557250.0,2252405.0,5479001.0,,,
20.02.24,3447011.0,2284503.0,4575297.0,,,
20.02.25,3308569.0,2311660.0,4526583.0,,,
20.02.26,3304398.0,2322771.0,4176180.0,,,
20.02.27,3041420.0,2328282.0,4634985.0,,,
20.02.28,3100288.0,2328282.0,5326101.0,,,
20.02.29,3432816.0,2311627.0,5704520.0,,,
20.03.01,3852015.0,2364534.0,5505077.0,,,
20.03.02,3463169.0,2378114.0,5632554.0,,,
20.03.03,3110216.0,2417609.0,3270836.0,,,
20.03.04,3212100.0,2417609.0,5182458.0,,,
20.03.05,3424068.0,2341808.0,4653023.0,,,
20.03.06,3464138.0,2417358.0,3666646.0,,,
20.03.07,3052411.0,2424766.0,3430731.0,,,
20.03.08,3160931.0,2424766.0,5179570.0,,,
20.03.09,3288116.0,2424766.0,4215721.0,,,
20.03.10,3318649.0,2458099.0,3693264.0,,,
20.03.11,2881791.0,2458099.0,2995499.0,,,
20.03.12,2719001.0,2458099.0,2843198.0,,,
20.03.13,2470569.0,2446988.0,2628372.0,,,
20.03.14,2336827.0,2446382.0,3327879.0,,,
20.03.15,2196348.0,2331309.0,2306408.0,,,
20.03.16,2248556.0,2331309.0,3175459.0,,,
20.03.17,2201557.0,2331309.0,3430852.0,,,
20.03.18,2083186.0,2292409.0,2131961.0,,,
20.03.19,2546974.0,2292409.0,3059454.0,,,
20.03.20,3116162.0,2258110.0,4195980.0,,,
20.03.21,3268599.0,2258121.0,5177868.0,,,
20.03.22,3694063.0,2258232.0,4724679.0,,,
20.03.23,4416822.0,2462212.0,7374040.0,,,
20.03.24,4275527.0,2462222.0,6525033.0,,,
20.03.25,4304554.0,2464308.0,6760828.0,,,
20.03.26,4198678.0,2481604.0,6345165.0,,,
20.03.27,4148677.0,2481604.0,5534535.0,,,
20.03.28,4458695.0,2516654.0,6760853.0,,,
20.03.29,5131181.0,2732656.0,5701459.0,,,
20.03.30,5177508.0,2866349.0,5379359.0,,,
20.03.31,5258821.0,2901916.0,5450144.0,,,
20.04.01,5376239.0,2829438.0,7194802.0,,,
20.04.02,4901372.0,2840549.0,7408261.0,,,
20.04.03,4841223.0,2900796.0,6459876.0,,,
20.04.04,4841223.0,2900796.0,6459876.0,,,
20.04.05,4481286.0,2900796.0,7358586.0,,,
20.04.06,4561954.0,3018975.0,5851852.0,,,
20.04.07,4874988.0,3123361.0,6858043.0,,,
20.04.08,5355342.0,3315653.0,6871728.0,,,
20.04.09,5514384.0,3356599.0,7878502.0,,,
20.04.10,5750838.0,3345487.0,8408828.0,,,
20.04.11,6793889.0,3615935.0,10499989.0,,,
20.04.12,7388398.0,3771029.0,8326965.0,,,
20.04.13,6867686.0,3664162.0,9180132.0,,,
20.04.14,6479943.0,3632830.0,8422015.0,,,
20.04.15,6582297.0,3489998.0,8133649.0,,,
20.04.16,6934370.0,3577790.0,11825744.0,,,
20.04.17,7334281.0,3591868.0,11247325.0,,,
20.04.18,7813305.0,3656065.0,10691758.0,,,
20.04.19,6943724.0,3656065.0,8964851.0,,,
20.04.20,6819462.0,3656065.0,7076004.0,,,
20.04.21,6654494.0,3577053.0,7302547.0,,,
20.04.22,6959377.0,3737656.0,7876706.0,,,
20.04.23,7114172.0,3838767.0,7872445.0,,,
20.04.24,7158478.0,3852100.0,8864233.0,,,
20.04.25,7288002.0,3824984.0,8760074.0,,,
20.04.26,6547320.0,3856207.0,8747489.0,,,
20.04.27,6019664.0,3944478.0,6778977.0,,,
20.04.28,6543178.0,3944478.0,9066260.0,,,
20.04.29,7606494.0,4052805.0,10428252.0,,,
20.04.30,6953246.0,4061895.0,12461586.0,,,
20.05.01,7340043.0,4048315.0,13549382.0,,,
20.05.02,6918462.0,4055846.0,15705312.0,,,
20.05.03,6753622.0,4088315.0,13240102.0,,,
20.05.04,7731612.0,4119549.0,16646173.0,,,
20.05.05,8793473.0,4248322.0,15715296.0,,,
20.05.06,7701057.0,4204988.0,13495555.0,,,
20.05.07,6660833.0,4175359.0,11051025.0,,,
20.05.08,7927481.0,4175359.0,12556839.0,,,
20.05.09,9348551.0,4223006.0,10497580.0,,,
20.05.10,9411956.0,4389961.0,11767827.0,,,
20.05.11,8929057.0,4423295.0,10092159.0,,,
20.05.12,9157665.0,4378850.0,10260809.0,,,
20.05.13,9693535.0,4348807.0,10011175.0,,,
20.05.14,10077760.0,4421029.0,12587654.0,,,
20.05.15,9568788.0,4421029.0,10050887.0,,,
20.05.16,8624457.0,4402510.0,9575308.0,,,
20.05.17,8449629.0,4330288.0,8527407.0,,,
20.05.18,8262938.0,4330288.0,8263049.0,,,
20.05.19,7565049.0,4330288.0,7766098.0,,,
20.05.20,6818347.0,4329300.0,8803697.0,,,
20.05.21,6538540.0,4319177.0,7417411.0,,,
20.05.22,6486685.0,4411769.0,10593715.0,,,
20.05.23,6856221.0,4413921.0,10025814.0,,,
20.05.24,6998635.0,4413921.0,10515195.0,,,
20.05.25,7761942.0,4612971.0,10157390.0,,,
20.05.26,7646505.0,4612971.0,10904907.0,,,
20.05.27,7362915.0,4464823.0,10467678.0,,,
20.05.28,7035347.0,4524082.0,14828395.0,,,
20.05.29,6656345.0,4532724.0,11532716.0,,,
20.05.30,6507585.0,4532724.0,10975185.0,,,
20.05.31,6640572.0,4546921.0,10894938.0,,,
20.06.01,6734109.0,4142475.0,12051259.0,,,
20.06.02,7476488.0,4170983.0,10956160.0,,,
20.06.03,8249210.0,4182098.0,11611308.0,,,
20.06.04,8629091.0,4282098.0,12802223.0,,,
20.06.05,8777605.0,4282098.0,12354937.0,,,
20.06.06,8695049.0,4282098.0,11966049.0,,,
20.06.07,8757734.0,4282098.0,11934555.0,,,
20.06.08,8832716.0,4282098.0,11934555.0,,,
20.06.09,9322370.0,4282098.0,16944444.0,,,
20.06.10,9597807.0,4282098.0,14316173.0,,,
20.06.11,9482299.0,4282098.0,12733121.0,,,
20.06.12,9394327.0,4298647.0,15642826.0,,,
20.06.13,8628216.0,4298647.0,15953414.0,,,
20.06.14,8343552.0,4352968.0,25371506.0,,,
20.06.15,8712275.0,4320039.0,24437901.0,,,
20.06.16,8855865.0,4433949.0,25522963.0,,,
20.06.17,9078299.0,4468517.0,17224691.0,,,
20.06.18,9123840.0,4462962.0,13244444.0,,,
20.06.19,9695358.0,4464073.0,13883333.0,,,
20.06.20,10505542.0,4608998.0,15103692.0,,,
20.06.21,10370096.0,4634443.0,11688997.0,,,
20.06.22,9393460.0,4546789.0,11744868.0,,,
20.06.23,8895299.0,4559875.0,11569024.0,,,
20.06.24,8646795.0,4558641.0,10909230.0,,,
20.06.25,9587552.0,4558641.0,10478436.0,,,
20.06.26,9526823.0,4591974.0,9600582.0,,,
20.06.27,9181183.0,4591974.0,9373529.0,,,
20.06.28,8918124.0,4591974.0,9147881.0,,,
20.06.29,8983008.0,4522839.0,10675553.0,,,
20.06.30,8869689.0,4523086.0,19490871.0,,,
20.07.01,8835265.0,4365062.0,19224938.0,,,
20.07.02,8997317.0,4410741.0,11766555.0,,,
20.07.03,8893194.0,4410741.0,12907242.0,,,
20.07.04,9113969.0,4410741.0,13255826.0,,,
20.07.05,10398244.0,4844773.0,14704344.0,,,
20.07.06,10566979.0,4858885.0,15010445.0,,,
20.07.07,10860665.0,4858885.0,19444442.0,,,
20.07.08,10878535.0,4858885.0,15892477.0,,,
20.07.09,9329837.0,4858885.0,14885172.0,,,
20.07.10,9228813.0,4858885.0,13186666.0,,,
20.07.11,9260029.0,4858885.0,12247187.0,,,
20.07.12,9283941.0,4858885.0,13600350.0,,,
20.07.13,8975733.0,4912699.0,13540457.0,,,
20.07.14,9304654.0,5004564.0,12815926.0,,,
20.07.15,9291489.0,5078144.0,11835439.0,,,
20.07.16,10988670.0,5101852.0,19191580.0,,,
20.07.17,11845771.0,5101852.0,18916207.0,,,
20.07.18,10741977.0,5105898.0,17330369.0,,,
20.07.19,10692255.0,5132991.0,21986419.0,,,
20.07.20,10954890.0,5271976.0,23374074.0,,,
20.07.21,12610440.0,5245707.0,18940839.0,,,
20.07.22,13140833.0,5430557.0,18299999.0,,,
20.07.23,14019974.0,5709740.0,17575049.0,,,
20.07.24,14068959.0,5709740.0,22543598.0,,,
20.07.25,12897021.0,5676408.0,23937319.0,,,
20.07.26,12939638.0,5751975.0,16659362.0,,,
20.07.27,12343359.0,5751975.0,15555097.0,,,
20.07.28,11956690.0,5751975.0,15062208.0,,,
20.07.29,10928527.0,5751975.0,15584554.0,,,
20.07.30,10828617.0,5751975.0,11658928.0,,,
20.07.31,10700645.0,5751975.0,11418998.0,,,
20.08.01,10697373.0,5774197.0,11870431.0,,,
20.08.02,10386859.0,5774197.0,11720186.0,,,
20.08.03,9865867.0,5774197.0,12546458.0,,,
20.08.04,9424996.0,5640864.0,11669719.0,,,
20.08.05,9466198.0,5622226.0,10831147.0,,,
20.08.06,9748892.0,5693444.0,10642024.0,,,
20.08.07,10164195.0,5777782.0,10533765.0,,,
20.08.08,9973085.0,5777782.0,12605372.0,,,
20.08.09,10623357.0,5876178.0,10887680.0,,,
20.08.10,11238276.0,5945251.0,14294262.0,,,
20.08.11,10938877.0,5986548.0,12973263.0,,,
20.08.12,9440621.0,6023029.0,11131908.0,,,
20.08.13,8034573.0,6023523.0,8406055.0,,,
20.08.14,7622182.0,6023523.0,8796227.0,,,
20.08.15,7288139.0,6023523.0,7818634.0,,,
20.08.16,7404189.0,6023523.0,7504066.0,,,
20.08.17,8580476.0,6023523.0,12965321.0,,,
20.08.18,9398353.0,6023523.0,12332720.0,,,
20.08.19,10089679.0,6085251.0,14291257.0,,,
20.08.20,10999225.0,6085251.0,15537284.0,,,
20.08.21,11261190.0,6085251.0,14475881.0,,,
20.08.22,12004582.0,6085251.0,22489631.0,,,
20.08.23,12248346.0,6194786.0,25815278.0,,,
20.08.24,12734036.0,6303926.0,27733333.0,,,
20.08.25,13608404.0,6238421.0,23352884.0,,,
20.08.26,12977123.0,6238421.0,13356001.0,,,
20.08.27,12728666.0,6238421.0,12841999.0,,,
20.08.28,11493166.0,5921082.0,19055802.0,,,
20.08.29,10848267.0,5921082.0,11053321.0,,,
20.08.30,10477589.0,5921082.0,14251839.0,,,
20.08.31,10895817.0,5921082.0,14250731.0,,,
20.09.01,10993230.0,6124786.0,15403077.0,,,
20.09.02,11097627.0,6124786.0,15267700.0,,,
20.09.03,10625427.0,6124786.0,12015101.0,,,
20.09.04,9125603.0,6124786.0,10360170.0,,,
20.09.05,7555702.0,6124786.0,8340887.0,,,
20.09.06,7744803.0,6124786.0,8471926.0,,,
20.09.07,7564807.0,5916884.0,10231359.0,,,
20.09.08,9202932.0,5916884.0,17795525.0,,,
20.09.09,10039853.0,5352444.0,11374421.0,,,
20.09.10,10021555.0,6033249.0,16850616.0,,,
20.09.11,8870368.0,5910410.0,15791048.0,,,
20.09.12,10047743.0,5910526.0,22554952.0,,,
20.09.13,11541818.0,6176307.0,17236965.0,,,
20.09.14,13517469.0,6410561.0,23151852.0,,,
20.09.15,13061017.0,6554127.0,22214814.0,,,
20.09.16,12094555.0,6654127.0,13011222.0,,,
20.09.17,10842547.0,6654127.0,15694092.0,,,
20.09.18,11225658.0,6729154.0,18800572.0,,,
20.09.19,10913849.0,6752726.0,16021585.0,,,
20.09.20,11432379.0,7177939.0,14798303.0,,,
20.09.21,12687021.0,7694818.0,15790558.0,,,
20.09.22,14482486.0,7705450.0,23099679.0,,,
20.09.23,15864407.0,7705450.0,26739617.0,,,
20.09.24,15786928.0,7705450.0,26850728.0,,,
20.09.25,15786928.0,7705450.0,26850728.0,,,
20.09.26,14739335.0,7936703.0,23062148.0,,,
20.09.27,13995555.0,8250585.0,21613271.0,,,
20.09.28,15591559.0,8674326.0,19056283.0,,,
20.09.29,14110494.0,8674326.0,22695269.0,,,
20.09.30,15373568.0,8695989.0,23702849.0,,,
20.10.01,17200518.0,9004967.0,27989775.0,,,
20.10.02,20031053.0,9422087.0,25418787.0,,,
20.10.03,20674504.0,9466532.0,28485579.0,,,
20.10.04,22680943.0,9754309.0,28609265.0,,,
20.10.05,24715101.0,10002666.0,26559882.0,,,
20.10.06,25286112.0,10002666.0,32029018.0,,,
20.10.07,23332688.0,9271185.0,26330247.0,,,
20.10.08,21908697.0,9271185.0,23287406.0,,,
20.10.09,19905996.0,9271185.0,22457545.0,,,
20.10.10,20066904.0,9745064.0,22830616.0,,,
20.10.11,18792217.0,9745064.0,25770431.0,,,
20.10.12,17940141.0,9278398.0,25730435.0,,,
20.10.13,16574496.0,9278398.0,26691358.0,,,
20.10.14,15066455.0,8876847.0,25317901.0,,,
20.10.15,14426079.0,8337657.0,22905768.0,,,
20.10.16,12882899.0,8337657.0,19134934.0,,,
20.10.17,10900530.0,8337657.0,12970232.0,,,
20.10.18,11772030.0,8337657.0,21270001.0,,,
20.10.19,12355208.0,8337657.0,21049383.0,,,
20.10.20,14154720.0,8475620.0,23192591.0,,,
20.10.21,13423604.0,8515219.0,22048610.0,,,
20.10.22,14098181.0,8589073.0,19911568.0,,,
20.10.23,14549322.0,8669756.0,30662036.0,,,
20.10.24,12826821.0,7688263.0,20712238.0,,,
20.10.25,13154243.0,7688263.0,21039660.0,,,
20.10.26,12475806.0,7688263.0,21844629.0,,,
20.10.27,10724163.0,7743485.0,19210478.0,,,
20.10.28,9686061.0,7743485.0,13159413.0,,,
20.10.30,10263343.0,7743485.0,14407901.0,,,
20.10.31,10233219.0,7743485.0,20518519.0,,,
20.11.01,9976738.0,7743485.0,19861728.0,,,
20.11.02,10770055.0,7743485.0,23990123.0,,,
20.11.03,10152818.0,7743485.0,19265278.0,,,
20.11.04,9323343.0,7743485.0,18749383.0,,,
20.11.05,9548775.0,7743485.0,16368025.0,,,
20.11.06,8885534.0,7743485.0,15770370.0,,,
20.11.07,8692208.0,7743485.0,13227160.0,,,
20.11.08,9597420.0,7743485.0,17956588.0,,,
20.11.09,10754542.0,7835609.0,18971605.0,,,
20.11.10,11580547.0,7612476.0,18634568.0,,,
20.11.11,12690910.0,7894097.0,14903395.0,,,
20.11.12,14094828.0,8274286.0,18565818.0,,,
20.11.13,16092608.0,8857912.0,20100231.0,,,
20.11.14,14779012.0,8857912.0,19211343.0,,,
20.11.15,14729629.0,8857912.0,15562963.0,,,
20.11.16,13862345.0,8857912.0,15711111.0,,,
20.11.17,12700000.0,8857912.0,20779012.0,,,
20.11.18,11424845.0,8857912.0,21575308.0,,,
20.11.19,12170193.0,8857912.0,22339197.0,,,
20.11.20,13318738.0,8857912.0,17610802.0,,,
20.11.21,15803475.0,8903213.0,24484259.0,,,
20.11.22,15512483.0,8915250.0,24439506.0,,,
20.11.23,12857433.0,8948805.0,14527186.0,,,
20.11.24,11840467.0,8948805.0,14308333.0,,,
20.11.25,11766451.0,8652509.0,14639908.0,,,
20.11.26,11081944.0,8652509.0,13647913.0,,,
20.11.27,10499062.0,8652509.0,13394827.0,,,
20.11.28,9970533.0,8652509.0,11109422.0,,,
20.11.29,10130215.0,8652509.0,11521845.0,,,
20.11.30,11175207.0,8457513.0,18580101.0,,,
20.12.01,13411575.0,8720013.0,19702323.0,,,
20.12.02,14357080.0,8764405.0,20368990.0,,,
20.12.03,15050038.0,7994639.0,24649383.0,,,
20.12.04,15533580.0,7994639.0,29496296.0,,,
20.12.05,15093994.0,8006294.0,31050308.0,,,
20.12.06,15869354.0,8050194.0,27162963.0,,,
20.12.07,16092940.0,8050194.0,25851852.0,,,
20.12.08,17165407.0,8050194.0,21368827.0,,,
20.12.09,18122464.0,8129579.0,30398271.0,,,
20.12.10,17770895.0,8129579.0,23200741.0,,,
20.12.11,19247934.0,8129579.0,26309463.0,,,
20.12.12,20166835.0,7985134.0,31442796.0,,,
20.12.13,21330569.0,8096245.0,28615018.0,,,
20.12.14,20612301.0,8120782.0,27008362.0,,,
20.12.15,19791635.0,8225449.0,27391850.0,,,
20.12.16,18709425.0,8495416.0,23805105.0,,,
20.12.17,18561775.0,8859871.0,24381066.0,,,
20.12.18,17714930.0,9157819.0,23707561.0,,,
20.12.19,17347646.0,9157819.0,25331018.0,,,
20.12.20,16387770.0,9157819.0,25275463.0,,,
20.12.21,17266782.0,9491153.0,23240895.0,,,
20.12.22,17492708.0,9491153.0,23547067.0,,,
20.12.23,16847646.0,9491153.0,23242129.0,,,
20.12.24,16658557.0,9491153.0,25087808.0,,,
20.12.25,15805053.0,9491153.0,24202006.0,,,
20.12.26,14418850.0,9491153.0,20189043.0,,,
20.12.27,13725777.0,9399423.0,19435956.0,,,
20.12.28,13373710.0,9507774.0,17934799.0,,,
20.12.29,14739554.0,9717919.0,16992714.0,,,
20.12.30,17139979.0,10084115.0,20005818.0,,,
20.12.31,17385095.0,10011276.0,19205657.0,,,
21.01.01,19067922.0,10397321.0,20129280.0,,,
21.01.02,18997269.0,10397321.0,20270987.0,,,
21.01.03,20336840.0,10720904.0,22373210.0,,,
21.01.04,19784241.0,10720904.0,22365432.0,,,
21.01.05,18788798.0,10720904.0,22637037.0,,,
21.01.06,16825703.0,9371384.0,23840741.0,,,
21.01.07,17970069.0,9415817.0,27461728.0,,,
21.01.08,18396020.0,9415817.0,24650617.0,,,
21.01.09,17668774.0,9415817.0,24539506.0,,,
21.01.10,18243493.0,9415817.0,25650617.0,,,
21.01.11,18115181.0,9415817.0,25306173.0,,,
21.01.12,18174812.0,9415817.0,20692713.0,,,
21.01.13,17928917.0,9415817.0,25111027.0,,,
21.01.14,16908794.0,9415817.0,22229629.0,,,
21.01.15,16393996.0,9415817.0,16416219.0,,,
21.01.16,16362002.0,9415817.0,19130702.0,,,
21.01.17,17213130.0,9415817.0,25965886.0,,,
21.01.18,17454467.0,9415817.0,27361437.0,,,
21.01.19,18479253.0,9415817.0,26655947.0,,,
21.01.20,19254203.0,9415817.0,26164647.0,,,
21.01.21,18808524.0,9415817.0,27609092.0,,,
21.01.22,21142898.0,9415817.0,34613233.0,,,
21.01.23,19457815.0,9415817.0,30785557.0,,,
21.01.24,18338093.0,9415817.0,28709539.0,,,
21.01.25,18656633.0,9487113.0,29134500.0,,,
21.03.25,,,,48444374.0,55227143.0,0.0
21.03.26,,,,30429617.0,53844797.0,0.0
21.03.27,,,,22044092.0,43841256.0,0.0
21.03.28,,,,19118148.0,37488938.0,0.0
21.03.29,,,,17489407.0,27670793.0,0.0
21.03.30,,,,16532716.0,25976349.0,0.0
21.03.31,,,,14559264.0,21837685.0,0.0
21.04.01,,,,13322222.0,15509257.0,0.0
21.04.02,,,,11383524.0,14941973.0,0.0
21.04.03,,,,11049158.0,14941973.0,0.0
21.04.04,,,,12609382.0,13180246.0,0.0
21.04.05,,,,12863173.0,12978394.0,0.0
21.04.06,,,,11947407.0,12879011.0,0.0
21.04.07,,,,12916543.0,12993826.0,0.0
21.04.08,,,,10987654.0,11593912.0,0.0
21.04.09,,,,10067900.0,11127245.0,0.0
21.04.10,,,,9730122.0,10912406.0,0.0
21.04.11,,,,9984197.0,10906850.0,0.0
21.04.12,,,,9388887.0,10517961.0,0.0
21.04.13,,,,10104444.0,10517961.0,0.0
21.04.14,,,,9789369.0,10213295.0,0.0
21.04.15,,,,9986419.0,9339752.0,0.0
21.04.16,,,,9565060.0,9871728.0,0.0
21.04.17,,,,9308998.0,9734568.0,0.0
21.04.18,,,,8937294.0,9294690.0,0.0
21.04.19,,,,10539135.0,9418147.0,0.0
21.04.20,,,,9033322.0,9322468.0,0.0
21.04.21,,,,9080616.0,8113703.0,0.0
21.04.22,,,,9361097.0,8040000.0,0.0
21.04.23,,,,9229654.0,8063457.0,0.0
21.04.24,,,,9349371.0,7786567.0,0.0
21.04.25,,,,8989443.0,7712121.0,0.0
21.04.26,,,,8771594.0,7560146.0,0.0
21.04.27,,,,9116285.0,7357924.0,0.0
21.04.28,,,,8357407.0,7289480.0,0.0
21.04.29,,,,9137028.0,7878147.0,0.0
21.04.30,,,,8237012.0,7880739.0,0.0
21.05.01,,,,8743207.0,7679258.0,0.0
21.05.02,,,,8861641.0,7661727.0,0.0
21.05.03,,,,9566553.0,7702832.0,0.0
21.05.04,,,,9762098.0,7433696.0,0.0
21.05.05,,,,9242347.0,7611474.0,0.0
21.05.06,,,,10319617.0,8201480.0,0.0
21.05.07,,,,9774814.0,8078023.0,0.0
21.05.08,,,,9482715.0,8485796.0,0.0
21.05.09,,,,9760637.0,8485796.0,0.0
21.05.10,,,,9808889.0,8532462.0,0.0
21.05.11,,,,9598395.0,8702710.0,0.0
21.05.12,,,,8732348.0,8420987.0,0.0
21.05.13,,,,9775539.0,8420987.0,0.0
21.05.14,,,,9054691.0,8420987.0,0.0
21.05.15,,,,9290238.0,8439754.0,0.0
21.05.16,,,,9454444.0,8458644.0,0.0
21.05.17,,,,10307901.0,8728644.0,0.0
21.05.18,,,,9588143.0,8270619.0,0.0
21.05.19,,,,9650049.0,8519632.0,0.0
21.05.20,,,,10050172.0,8061305.0,0.0
21.05.21,,,,9632343.0,8618565.0,0.0
21.05.22,,,,9701049.0,8055927.0,0.0
21.05.23,,,,9426184.0,8055927.0,0.0
21.05.24,,,,9938402.0,8055927.0,0.0
21.05.27,,,,10854567.0,8573211.0,0.0
21.05.28,,,,10567875.0,8339878.0,0.0
21.05.29,,,,9439148.0,8388396.0,0.0
21.05.30,,,,8929004.0,8306791.0,0.0
21.05.31,,,,9377930.0,8306791.0,0.0
21.06.01,,,,8895049.0,8306791.0,0.0
21.06.02,,,,8991732.0,8536692.0,0.0
21.06.03,,,,8515173.0,8318036.0,0.0
21.06.04,,,,9164066.0,8402962.0,0.0
21.06.05,,,,9112752.0,8402962.0,0.0
21.06.06,,,,8846414.0,8403088.0,0.0
21.06.07,,,,8418642.0,8206421.0,0.0
21.06.08,,,,8349869.0,8084199.0,0.0
21.06.09,,,,8186419.0,8118518.0,0.0
21.06.10,,,,8269868.0,8118518.0,0.0
21.06.11,,,,7876161.0,7982838.0,0.0
21.06.12,,,,7972962.0,7982839.0,0.0
21.06.13,,,,8076793.0,7916172.0,0.0
21.06.14,,,,7889130.0,7916172.0,0.0
21.06.15,,,,8419691.0,7939629.0,0.0
21.06.16,,,,8543950.0,7939629.0,0.0
21.06.17,,,,8284989.0,8179485.0,0.0
21.06.18,,,,7912839.0,7937514.0,0.0
21.06.19,,,,7398765.0,7723448.0,0.0
21.06.20,,,,7062098.0,7717275.0,0.0
21.06.21,,,,6934097.0,7717275.0,0.0
21.06.22,,,,6658333.0,7210485.0,0.0
21.06.23,,,,6435083.0,7146904.0,0.0
21.06.25,,,,6546667.0,6642084.0,0.0
21.06.26,,,,5807026.0,6381853.0,0.0
21.06.27,,,,5666666.0,5995681.0,0.0
21.06.28,,,,5476913.0,5995681.0,0.0
21.06.29,,,,5526057.0,5995681.0,0.0
21.06.30,,,,5739253.0,5492838.0,0.0
21.07.01,,,,5698654.0,5479258.0,0.0
21.07.02,,,,5795668.0,5824690.0,0.0
21.07.03,,,,5877776.0,5548147.0,0.0
21.07.04,,,,5513335.0,5345927.0,0.0
21.07.05,,,,5201727.0,5284199.0,0.0
21.07.06,,,,5865555.0,5284199.0,0.0
21.07.07,,,,5101318.0,5160493.0,0.0
21.07.08,,,,4886408.0,5029524.0,0.0
21.07.09,,,,4919648.0,5048904.0,0.0
21.07.10,,,,4576913.0,4897531.0,0.0
21.07.11,,,,4517284.0,5029753.0,0.0
21.07.12,,,,4554321.0,5039629.0,0.0
21.07.13,,,,4533670.0,5039629.0,0.0
21.07.14,,,,4342036.0,4676790.0,0.0
21.07.15,,,,4438517.0,4595061.0,0.0
21.07.16,,,,4357432.0,4382715.0,0.0
21.07.17,,,,4666913.0,4381481.0,0.0
21.07.18,,,,4500864.0,4381481.0,0.0
21.07.19,,,,4828148.0,4552098.0,0.0
21.07.20,,,,4780247.0,4916321.0,0.0
21.07.21,,,,4521111.0,4915086.0,0.0
21.07.22,,,,4445061.0,4980123.0,0.0
21.07.23,,,,4583333.0,4897432.0,0.0
21.07.24,,,,4501358.0,4876543.0,0.0
21.07.25,,,,4332226.0,4865432.0,0.0
21.07.26,,,,4155802.0,4657580.0,0.0
21.07.27,,,,4269134.0,4668691.0,0.0
21.07.28,,,,4401234.0,4538147.0,0.0
21.07.29,,,,4575432.0,4538147.0,0.0
21.07.30,,,,4485578.0,4401603.0,0.0
21.07.31,,,,4218446.0,4297778.0,0.0
21.08.01,,,,4157160.0,4286667.0,0.0
21.08.02,,,,4315925.0,4234593.0,0.0
21.08.03,,,,4284815.0,4179034.0,0.0
21.08.04,,,,4248025.0,4269034.0,0.0
21.08.05,,,,4472839.0,4243580.0,0.0
21.08.06,,,,4402987.0,4450506.0,0.0
21.08.07,,,,4418419.0,4469642.0,0.0
21.08.08,,,,4064987.0,4469642.0,0.0
21.08.09,,,,4326049.0,4301000.0,0.0
21.08.10,,,,4111728.0,4335321.0,0.0
21.08.11,,,,4035307.0,4328432.0,0.0
21.08.12,,,,3967900.0,4019752.0,0.0
21.08.13,,,,3825925.0,3979011.0,0.0
21.08.14,,,,3676543.0,3979011.0,0.0
21.08.15,,,,3569125.0,3977901.0,0.0
21.08.16,,,,3734691.0,3601358.0,0.0
21.08.17,,,,3448148.0,3601358.0,0.0
21.08.18,,,,3732222.0,3601358.0,0.0
21.08.19,,,,4189999.0,3686568.0,0.0
21.08.20,,,,3887160.0,3686568.0,0.0
21.08.21,,,,4040739.0,3686568.0,0.0
21.08.22,,,,3908764.0,3601481.0,0.0
21.08.23,,,,3687531.0,3491605.0,0.0
21.08.24,,,,4015687.0,3491605.0,0.0
21.08.25,,,,4205432.0,3491605.0,0.0
21.08.26,,,,4050116.0,3686420.0,0.0
21.08.27,,,,4040123.0,3686420.0,0.0
21.08.28,,,,3284185.0,3720000.0,0.0
21.08.29,,,,4212358.0,3720000.0,0.0
21.08.30,,,,4212358.0,3720000.0,0.0
21.08.31,,,,4132345.0,3484566.0,0.0
21.09.01,,,,4309320.0,3484566.0,0.0
21.09.02,,,,3906170.0,3772963.0,0.0
21.09.03,,,,3547530.0,3828518.0,0.0
21.09.04,,,,3454321.0,3807407.0,0.0
21.09.05,,,,3621617.0,3770987.0,0.0
21.09.06,,,,4053963.0,3770987.0,0.0
21.09.07,,,,4074480.0,3725432.0,0.0
21.09.08,,,,4119135.0,3674433.0,0.0
21.09.09,,,,4345344.0,3675668.0,0.0
21.09.10,,,,4035185.0,3675668.0,0.0
21.09.11,,,,3390246.0,3669506.0,0.0
21.09.12,,,,4113950.0,3512469.0,0.0
21.09.13,,,,4283459.0,3493926.0,0.0
21.09.14,,,,4422815.0,3607530.0,0.0
21.09.15,,,,4174790.0,3607530.0,0.0
21.09.16,,,,3835810.0,4008036.0,0.0
21.09.17,,,,3091605.0,3916556.0,0.0
21.09.18,,,,3013580.0,3872111.0,0.0
21.09.19,,,,3279753.0,3872111.0,0.0
21.09.20,,,,3485024.0,3229876.0,0.0
21.09.21,,,,3620135.0,3178024.0,0.0
21.09.22,,,,3650366.0,3189136.0,0.0
21.09.23,,,,3678643.0,3189136.0,0.0
21.09.24,,,,3471357.0,3415185.0,0.0
21.09.25,,,,3164941.0,3418506.0,0.0
21.09.26,,,,3058642.0,3418506.0,0.0
21.09.27,,,,3301234.0,3418506.0,0.0
21.09.28,,,,3448876.0,3219753.0,0.0
21.09.29,,,,3421693.0,3133333.0,0.0
21.09.30,,,,3559715.0,3133333.0,0.0
21.10.01,,,,3022222.0,3232827.0,0.0
21.10.02,,,,3016049.0,3148889.0,0.0
21.10.03,,,,3328271.0,3148889.0,0.0
21.10.04,,,,3603086.0,3148889.0,0.0
21.10.05,,,,3603086.0,3148889.0,0.0
21.10.06,,,,3555444.0,3258123.0,0.0
21.10.07,,,,3312666.0,3258123.0,0.0
21.10.08,,,,3379989.0,3258123.0,0.0
21.10.09,,,,3257037.0,3550851.0,0.0
21.10.10,,,,3215925.0,3550851.0,0.0
21.10.11,,,,3238147.0,3550851.0,0.0
21.10.12,,,,3791975.0,3478135.0,0.0
21.10.13,,,,3773254.0,3539864.0,0.0
21.10.14,,,,3773254.0,3539864.0,0.0
21.10.15,,,,3316912.0,3326408.0,0.0
21.10.16,,,,3264690.0,3326408.0,0.0
21.10.17,,,,3264690.0,3326408.0,0.0
21.10.18,,,,3264690.0,3326408.0,0.0
21.10.19,,,,3268393.0,3323569.0,0.0
21.10.20,,,,3320245.0,3323569.0,0.0
21.10.21,,,,3612592.0,3333901.0,0.0
21.10.22,,,,3408197.0,3351283.0,0.0
21.10.23,,,,3457037.0,3351283.0,0.0
21.10.24,,,,3488420.0,3351283.0,0.0
21.10.25,,,,3657869.0,3257950.0,0.0
21.10.26,,,,3618634.0,3285283.0,0.0
21.10.27,,,,3961510.0,3311333.0,0.0
21.10.28,,,,3882864.0,3222419.0,0.0
21.10.29,,,,3422961.0,3288876.0,0.0
21.10.30,,,,3416536.0,3423580.0,0.0
21.10.31,,,,3280881.0,3423580.0,0.0
21.11.01,,,,3464079.0,3423580.0,0.0
21.11.02,,,,3525671.0,3275555.0,0.0
21.11.03,,,,3525671.0,3275555.0,0.0
21.11.04,,,,3570264.0,3321382.0,0.0
21.11.05,,,,3543086.0,3128049.0,0.0
21.11.06,,,,3543086.0,3128049.0,0.0
21.11.07,,,,3745678.0,3298271.0,0.0
21.11.08,,,,3650987.0,3492221.0,0.0
21.11.09,,,,3646043.0,3520852.0,0.0
21.11.10,,,,3902073.0,3523085.0,0.0
21.11.11,,,,3665012.0,3581234.0,0.0
21.11.12,,,,3835802.0,3581234.0,0.0
21.11.13,,,,3545926.0,3591110.0,0.0
21.11.14,,,,3689728.0,3649898.0,0.0
21.11.15,,,,3689728.0,3649898.0,0.0
21.11.16,,,,3689728.0,3649898.0,0.0
21.11.17,,,,3817010.0,3583333.0,0.0
21.11.18,,,,3817010.0,3583333.0,0.0
21.11.19,,,,3817010.0,3583333.0,0.0
21.11.20,,,,3817010.0,3583333.0,0.0
21.11.21,,,,3817010.0,3583333.0,0.0
21.11.22,,,,3817010.0,3583333.0,0.0
21.11.23,,,,3817010.0,3583333.0,0.0
21.11.24,,,,3587490.0,3481506.0,0.0
21.11.25,,,,3396912.0,3436913.0,0.0
21.11.26,,,,3396912.0,3436913.0,0.0
21.11.27,,,,3317653.0,3425802.0,0.0
21.11.28,,,,3297035.0,3221975.0,0.0
21.11.29,,,,3264813.0,3221975.0,0.0
21.11.30,,,,3541975.0,3233086.0,0.0
21.12.01,,,,3541975.0,3233086.0,0.0
21.12.02,,,,3321851.0,3153826.0,0.0
21.12.03,,,,2980123.0,3153826.0,0.0
21.12.04,,,,3093702.0,3153826.0,0.0
21.12.05,,,,3135677.0,3153826.0,0.0
21.12.06,,,,2958022.0,3085185.0,0.0
21.12.07,,,,2975925.0,3085185.0,0.0
21.12.08,,,,3127340.0,3085185.0,0.0
21.12.09,,,,3156958.0,3073950.0,0.0
21.12.10,,,,2984072.0,2943382.0,0.0
21.12.11,,,,2984072.0,2943382.0,0.0
21.12.12,,,,2930790.0,2780123.0,0.0
21.12.13,,,,2930790.0,2780123.0,0.0
21.12.14,,,,2895745.0,2841851.0,0.0
21.12.15,,,,2895745.0,2841851.0,0.0
21.12.16,,,,2800683.0,2753086.0,0.0
21.12.17,,,,2800683.0,2753086.0,0.0
21.12.18,,,,2800683.0,2753086.0,0.0
21.12.19,,,,2909337.0,2753086.0,0.0
21.12.20,,,,2909337.0,2753086.0,0.0
21.12.21,,,,2878473.0,2761975.0,0.0
21.12.22,,,,2928967.0,2954691.0,0.0
21.12.23,,,,3163950.0,3037036.0,0.0
21.12.24,,,,3130617.0,3037036.0,0.0
21.12.25,,,,3123333.0,3030864.0,0.0
21.12.26,,,,3123333.0,3030864.0,0.0
21.12.27,,,,3453185.0,3022755.0,0.0
21.12.28,,,,3453185.0,3022755.0,0.0
21.12.29,,,,3291246.0,3021520.0,0.0
21.12.30,,,,3123061.0,3041150.0,0.0
21.12.31,,,,3123061.0,3041150.0,0.0
22.01.01,,,,3329876.0,3117284.0,0.0
22.01.02,,,,3393827.0,3016567.0,0.0
22.01.03,,,,3450236.0,3016567.0,0.0
22.01.04,,,,3272753.0,3120666.0,0.0
22.01.05,,,,3700011.0,3137333.0,0.0
22.01.06,,,,3534889.0,3083629.0,0.0
22.01.07,,,,3526000.0,3083629.0,0.0
22.01.08,,,,3526000.0,3083629.0,0.0
22.01.09,,,,3640889.0,3083629.0,0.0
22.01.10,,,,3640889.0,3083629.0,0.0
22.01.11,,,,3642345.0,3296779.0,0.0
22.01.12,,,,3894174.0,3305185.0,0.0
22.01.13,,,,3734814.0,3512459.0,0.0
22.01.14,,,,3734814.0,3512459.0,0.0
22.01.15,,,,3822222.0,3512459.0,0.0
22.01.16,,,,3784605.0,3622459.0,0.0
22.01.17,,,,3751271.0,3619990.0,0.0
22.01.18,,,,4041629.0,3620359.0,0.0
22.01.19,,,,4041629.0,3720987.0,0.0
22.01.20,,,,4041629.0,3720987.0,0.0
22.01.21,,,,4041629.0,3720987.0,0.0
22.01.22,,,,3993605.0,3633333.0,0.0
22.01.23,,,,3993605.0,3633333.0,0.0
22.01.24,,,,3993605.0,3633333.0,0.0
22.01.25,,,,3280853.0,3654456.0,0.0
22.01.26,,,,3079630.0,3646913.0,0.0
22.01.27,,,,2979382.0,2998765.0,0.0
22.01.28,,,,3109764.0,2950000.0,0.0
22.01.29,,,,3109764.0,2950000.0,0.0
22.01.30,,,,3172904.0,2950000.0,0.0
22.01.31,,,,3023521.0,2950000.0,0.0
22.02.01,,,,2836143.0,2940729.0,0.0
22.02.02,,,,2837407.0,2777653.0,0.0
22.02.03,,,,2636954.0,2370123.0,0.0
22.02.04,,,,2678889.0,2694813.0,0.0
22.02.05,,,,2724568.0,2694813.0,0.0
22.02.06,,,,2891354.0,2694813.0,0.0
22.02.07,,,,2817284.0,2694813.0,0.0
22.02.08,,,,2927037.0,2774568.0,0.0
22.02.09,,,,3020888.0,2774568.0,0.0
22.02.10,,,,2389506.0,2766666.0,0.0
22.02.11,,,,2702828.0,2699010.0,0.0
22.02.12,,,,2628447.0,2679135.0,0.0
22.02.13,,,,2851111.0,2679135.0,0.0
22.02.14,,,,2729752.0,2656913.0,0.0
22.02.15,,,,2879988.0,2717894.0,0.0
22.02.16,,,,2849912.0,2701227.0,0.0
22.02.17,,,,2798766.0,2673449.0,0.0
22.02.18,,,,2510987.0,2730123.0,0.0
22.02.19,,,,2679627.0,2744563.0,0.0
22.02.20,,,,2613826.0,2744563.0,0.0
22.02.21,,,,2928518.0,2744563.0,0.0
22.02.22,,,,2781531.0,2694320.0,0.0
22.02.23,,,,2720716.0,2590629.0,0.0
22.02.24,,,,2564444.0,2565676.0,0.0
22.02.25,,,,2607531.0,2510123.0,0.0
22.02.26,,,,2660543.0,2510123.0,0.0
22.02.27,,,,2712839.0,2510123.0,0.0
22.02.28,,,,2635555.0,2576543.0,0.0
22.03.01,,,,2490259.0,2541728.0,0.0
22.03.02,,,,2804815.0,2541728.0,0.0
22.03.03,,,,2689629.0,2642345.0,0.0
22.03.04,,,,2704987.0,2642345.0,0.0
22.03.05,,,,2759113.0,2614864.0,0.0
22.03.06,,,,2615382.0,2647086.0,0.0
22.03.07,,,,2839407.0,2647086.0,0.0
22.03.08,,,,2928394.0,2647086.0,0.0
22.03.09,,,,2925790.0,2677457.0,0.0
22.03.10,,,,2782456.0,2767617.0,0.0
22.03.11,,,,2714815.0,2756629.0,0.0
22.03.12,,,,2714815.0,2756629.0,0.0
22.03.13,,,,2714815.0,2756629.0,0.0
22.03.14,,,,2864468.0,2783333.0,0.0
22.03.15,,,,2754196.0,2780247.0,0.0
22.03.16,,,,3077901.0,2780247.0,0.0
22.03.17,,,,3135569.0,2780247.0,0.0
22.03.18,,,,2932382.0,2776464.0,0.0
22.03.19,,,,2932382.0,2798687.0,0.0
22.03.20,,,,2932382.0,2798687.0,0.0
22.03.21,,,,2989753.0,2798020.0,0.0
22.03.22,,,,2989753.0,2798020.0,0.0
22.03.23,,,,2989753.0,2887777.0,0.0
22.03.24,,,,3238148.0,2931481.0,0.0
22.03.25,,,,3232099.0,2935802.0,0.0
22.03.26,,,,3384864.0,2973086.0,0.0
22.03.27,,,,3458444.0,3016049.0,0.0
22.03.28,,,,3499196.0,3016049.0,0.0
22.03.29,,,,3645679.0,3287776.0,0.0
22.03.30,,,,3844987.0,3240308.0,0.0
22.03.31,,,,3623085.0,3238889.0,0.0
22.04.01,,,,3821160.0,3255393.0,0.0
22.04.02,,,,3777061.0,3324653.0,0.0
22.04.03,,,,3585023.0,3322430.0,0.0
22.04.04,,,,3745296.0,3322430.0,0.0
22.04.05,,,,3763988.0,3494899.0,0.0
22.04.06,,,,3844987.0,3480628.0,0.0
22.04.07,,,,3577825.0,3590556.0,0.0
22.04.08,,,,3724567.0,3590556.0,0.0
22.04.09,,,,3735435.0,3589961.0,0.0
22.04.10,,,,3730185.0,3589961.0,0.0
22.04.11,,,,3662852.0,3589961.0,0.0
22.04.12,,,,3376206.0,3423876.0,0.0
22.04.13,,,,3582839.0,3403200.0,0.0
22.04.14,,,,3198787.0,3428667.0,0.0
22.04.15,,,,3305357.0,3374133.0,0.0
22.04.16,,,,3305370.0,3374133.0,0.0
22.04.17,,,,3454938.0,3374133.0,0.0
22.04.18,,,,3179382.0,3108765.0,0.0
22.04.19,,,,3218518.0,3108765.0,0.0
22.04.20,,,,3210111.0,3130987.0,0.0
22.04.21,,,,2963209.0,3196296.0,0.0
22.04.22,,,,3218260.0,3137069.0,0.0
22.04.23,,,,3187160.0,3128747.0,0.0
22.04.24,,,,3041259.0,3128747.0,0.0
22.04.25,,,,3140123.0,3128747.0,0.0
22.04.26,,,,3305852.0,2935432.0,0.0
22.04.27,,,,3088296.0,2905432.0,0.0
22.04.28,,,,2967642.0,2905432.0,0.0
22.04.29,,,,2793333.0,2951728.0,0.0
22.04.30,,,,2956469.0,2892716.0,0.0
22.05.01,,,,2887222.0,2865111.0,0.0
22.05.02,,,,2798938.0,2865111.0,0.0
22.05.03,,,,3035555.0,2754876.0,0.0
22.05.04,,,,2814123.0,2768210.0,0.0
22.05.05,,,,2931037.0,2768210.0,0.0
22.05.06,,,,3040370.0,2768210.0,0.0
22.05.07,,,,2916790.0,2758333.0,0.0
22.05.08,,,,2799617.0,2758333.0,0.0
22.05.09,,,,2806172.0,2765000.0,0.0
22.05.10,,,,2797630.0,2785975.0,0.0
22.05.11,,,,2685725.0,2785975.0,0.0
22.05.12,,,,2543136.0,2731654.0,0.0
22.05.13,,,,2594410.0,2683875.0,0.0
22.05.14,,,,2569999.0,2667209.0,0.0
22.05.15,,,,2533420.0,2641654.0,0.0
22.05.16,,,,2534632.0,2578431.0,0.0
22.05.17,,,,2626583.0,2560977.0,0.0
22.05.18,,,,2653024.0,2553122.0,0.0
22.05.19,,,,2431495.0,2539629.0,0.0
22.05.20,,,,2309742.0,2539629.0,0.0
22.05.21,,,,2163209.0,2546851.0,0.0
22.05.22,,,,2400740.0,2523941.0,0.0
22.05.23,,,,2502148.0,2368395.0,0.0
22.05.24,,,,2380123.0,2388395.0,0.0
22.05.25,,,,2430358.0,2302592.0,0.0
22.05.26,,,,2244000.0,2277728.0,0.0
22.05.27,,,,2328513.0,2330370.0,0.0
22.05.28,,,,2334421.0,2337827.0,0.0
22.05.29,,,,2231234.0,2337827.0,0.0
22.05.30,,,,2350160.0,2344247.0,0.0
22.05.31,,,,2224284.0,2338074.0,0.0
22.06.01,,,,2358135.0,2301037.0,0.0
22.06.02,,,,2509815.0,2159367.0,0.0
22.06.04,,,,2406160.0,2165292.0,0.0
22.06.05,,,,2337456.0,2190230.0,0.0
22.06.06,,,,2394506.0,2190230.0,0.0
22.06.07,,,,2330321.0,2176317.0,0.0
22.06.08,,,,2301852.0,2212539.0,0.0
22.06.09,,,,2209691.0,2198342.0,0.0
22.06.10,,,,2140691.0,2198342.0,0.0
22.06.11,,,,2075727.0,2198342.0,0.0
22.06.12,,,,2229086.0,2175453.0,0.0
22.06.13,,,,2224382.0,2138564.0,0.0
22.06.14,,,,2125589.0,2138564.0,0.0
22.06.15,,,,2287111.0,2138564.0,0.0
22.06.16,,,,2287111.0,2138564.0,0.0
